country,date,ip,cpi,unemp,rate3m,cpi_yoy,ip_yoy,epu_adjusted,epu_unadjusted,nb_articles,rec_m
DEU,1955-01-01,,20.94136,,,,,,,,
DEU,1955-02-01,,20.81088,,,,,,,,
DEU,1955-03-01,,20.81088,,,,,,,,
DEU,1955-04-01,,20.81088,,,,,,,,
DEU,1955-05-01,,20.74564,,,,,,,,
DEU,1955-06-01,,20.81088,,,,,,,,
DEU,1955-07-01,,21.07183,,,,,,,,
DEU,1955-08-01,,20.94136,,,,,,,,
DEU,1955-09-01,,20.94136,,,,,,,,
DEU,1955-10-01,,21.20231,,,,,,,,
DEU,1955-11-01,,21.26755,,,,,,,,
DEU,1955-12-01,,21.33278,,,,,,,,
DEU,1956-01-01,,21.20231,,,1.2460986296974008,,,,,
DEU,1956-02-01,,21.26755,,,2.1943810160838906,,,,,
DEU,1956-03-01,,21.59374,,,3.761782298490024,,,,,
DEU,1956-04-01,,21.59374,,,3.761782298490024,,,,,
DEU,1956-05-01,,21.5285,,,3.7736121903204634,,,,,
DEU,1956-06-01,,21.5285,,,3.4482924316511454,,,,,
DEU,1956-07-01,,21.59374,,,2.476813831546676,,,,,
DEU,1956-08-01,,21.46326,,,2.4921972593948016,,,,,
DEU,1956-09-01,,21.5285,,,2.80373385491679,,,,,
DEU,1956-10-01,,21.59374,,,1.84616676201792,,,,,
DEU,1956-11-01,,21.65897,,,1.8404564700682524,,,,,
DEU,1956-12-01,,21.72421,,,1.834875717088913,,,,,
DEU,1957-01-01,,21.78945,,,2.769226560690785,,,,,
DEU,1957-02-01,,21.78945,,,2.453973306751367,,,,,
DEU,1957-03-01,,21.65897,,,0.30207828750368204,,,,,
DEU,1957-04-01,,21.78945,,,0.9063274819461453,,,,,
DEU,1957-05-01,,21.85469,,,1.5151543303063342,,,,,
DEU,1957-06-01,,21.98516,,,2.1211881923961284,,,,,
DEU,1957-07-01,,22.18088,,,2.7190287555560078,,,,,
DEU,1957-08-01,,22.11564,,,3.039519625630027,,,,,
DEU,1957-09-01,,22.0504,,,2.4242283484682936,,,,,
DEU,1957-10-01,,22.11564,,,2.416904158334776,,,,,
DEU,1957-11-01,,22.18088,,,2.4096713740311637,,,,,
DEU,1957-12-01,,22.18088,,,2.102124772316216,,,,,
DEU,1958-01-01,23.80216,22.37659,,,2.6946067936547413,,,,,
DEU,1958-02-01,23.90221,22.44183,,,2.9940177471207363,,,,,
DEU,1958-03-01,24.29053,22.44183,,,3.614483975923144,,,,,
DEU,1958-04-01,23.52717,22.44183,,,2.9940177471207363,,,,,
DEU,1958-05-01,23.81468,22.63754,,,3.5820686543712066,,,,,
DEU,1958-06-01,24.10568,22.70278,,,3.264110882067728,,,,,
DEU,1958-07-01,23.69374,22.57231,,,1.764718081518879,,,,,
DEU,1958-08-01,24.59775,22.31135,,,0.8849393460917288,,,,,
DEU,1958-09-01,23.90009,22.18088,,,0.5917352973188628,,,,,
DEU,1958-10-01,23.89166,22.31135,,,0.8849393460917288,,,,,
DEU,1958-11-01,24.44781,22.44183,,,1.1764636930545747,,,,,
DEU,1958-12-01,24.54702,22.44183,,,1.1764636930545747,,,,,
DEU,1959-01-01,24.33066,22.44183,,,0.29155470069388567,2.2203867212051476,,,,
DEU,1959-02-01,24.39656,22.44183,,,0.0,2.068218796504584,,,,
DEU,1959-03-01,24.65619,22.44183,,,0.0,1.5053603194331133,,,,
DEU,1959-04-01,24.59815,22.44183,,,0.0,4.552098701203744,,,,
DEU,1959-05-01,25.61408,22.44183,,,-0.8645374011487239,7.555843706486942,,,,
DEU,1959-06-01,25.48321,22.63754,,,-0.2873656882549147,5.714545285592432,,,,
DEU,1959-07-01,25.11666,22.70278,,,0.5780090739494481,6.005468110986278,,,,
DEU,1959-08-01,26.60287,22.76802,,,2.0468057737429657,8.151639885761908,,,,
DEU,1959-09-01,26.22966,22.70278,,,2.352927386109127,9.747118107086639,,,,
DEU,1959-10-01,27.21662,22.76802,,,2.0468057737429657,13.916822857850807,,,,
DEU,1959-11-01,26.9539,22.96373,,,2.3255679238279647,10.250775018294078,,,,
DEU,1959-12-01,27.06555,22.96373,,,2.3255679238279647,10.260023416284337,,,,
DEU,1960-01-01,27.50897,22.96373,,4.36,2.3255679238279647,13.062983083894974,,,,
DEU,1960-02-01,27.34925,22.83326,,4.47,1.74419822269396,12.102894834353695,,,,0.0
DEU,1960-03-01,27.73731,22.83326,,4.71,1.74419822269396,12.496334591840853,,,,0.0
DEU,1960-04-01,28.36171,22.96373,,4.59,2.3255679238279647,15.300175013161542,,,,0.0
DEU,1960-05-01,28.00785,23.02897,,4.64,2.6162750542179536,9.345524024286632,,,,0.0
DEU,1960-06-01,28.1541,23.02897,,5.25,1.729118976708599,10.480979437048955,,,,0.0
DEU,1960-07-01,29.19126,23.02897,,5.58,1.4367843938055236,16.222698400185376,,,,0.0
DEU,1960-08-01,28.62957,23.02897,,5.44,1.146125135167675,7.618350952359654,,,,0.0
DEU,1960-09-01,29.12148,22.96373,,5.61,1.1494187055506089,11.02499994281283,,,,0.0
DEU,1960-10-01,29.74496,23.02897,,6.1,1.146125135167675,9.289691372404075,,,,0.0
DEU,1960-11-01,29.51247,23.09421,,5.38,0.5682003751132703,9.492392566567354,,,,1.0
DEU,1960-12-01,29.92662,23.09421,,5.06,0.5682003751132703,10.570891779402224,,,,1.0
DEU,1961-01-01,30.32841,23.28992,,4.66,1.4204573908506823,10.249165999308584,,,,1.0
DEU,1961-02-01,30.50789,23.28992,,4.13,1.9999772262042192,11.549274660182629,,,,1.0
DEU,1961-03-01,30.80043,23.28992,,3.73,1.9999772262042192,11.043320350819874,,,,1.0
DEU,1961-04-01,30.79017,23.28992,,3.34,1.4204573908506823,8.562459738852146,,,,1.0
DEU,1961-05-01,30.13836,23.48564,,3.23,1.9830239910860081,7.606831656124968,,,,1.0
DEU,1961-06-01,30.13999,23.61611,,3.13,2.5495712574205465,7.053644051843255,,,,1.0
DEU,1961-07-01,30.70228,23.61611,,3.16,2.5495712574205465,5.176275364612559,,,,1.0
DEU,1961-08-01,30.47017,23.61611,,3.09,2.5495712574205465,6.429017271303761,,,,1.0
DEU,1961-09-01,30.72169,23.61611,,3.06,2.840914781701387,5.494947372180259,,,,1.0
DEU,1961-10-01,30.48497,23.61611,,4.05,2.5495712574205465,2.4878500424946104,,,,1.0
DEU,1961-11-01,30.57376,23.74659,,3.71,2.824863894456664,3.5960731175669114,,,,1.0
DEU,1961-12-01,31.25683,23.74659,,3.83,2.824863894456664,4.444905572363345,,,,1.0
DEU,1962-01-01,32.62008,24.00754,,2.93,3.0812471661560092,7.556182470495476,,,,1.0
DEU,1962-02-01,32.55783,24.07278,,2.94,3.361368351630256,6.719376528498056,,,,1.0
DEU,1962-03-01,32.55783,24.13801,,3.02,3.6414466000742163,5.7057644974437105,,,,1.0
DEU,1962-04-01,32.05981,24.20325,,3.08,3.921567785548441,4.123523838939502,,,,1.0
DEU,1962-05-01,33.05584,24.20325,,3.08,3.055526696313149,9.680287845788582,,,,1.0
DEU,1962-06-01,33.05584,24.20325,,3.13,2.4861842191622685,9.674356229049842,,,,1.0
DEU,1962-07-01,33.1181,24.26849,,3.29,2.762436319952788,7.868536147804006,,,,1.0
DEU,1962-08-01,34.5499,24.13801,,3.26,2.209932118371749,13.389259068787606,,,,1.0
DEU,1962-09-01,33.74062,24.13801,,3.2,2.209932118371749,9.82670549699578,,,,1.0
DEU,1962-10-01,33.18035,24.20325,,4.45,2.4861842191622685,8.841668533706937,,,,1.0
DEU,1962-11-01,33.86512,24.26849,,4.33,2.1977892404762,10.765309860481654,,,,1.0
DEU,1962-12-01,32.99359,24.39897,,4.35,2.7472576062499865,5.556417589371665,,,,1.0
DEU,1963-01-01,33.1181,24.72515,,3.29,2.9891025902695656,1.5267283219415617,,,,1.0
DEU,1963-02-01,32.74458,24.92087,,3.31,3.523024760746374,0.5735947389613916,,,,1.0
DEU,1963-03-01,33.55386,24.92087,,3.53,3.2432665327423393,3.05926408486068,,,,0.0
DEU,1963-04-01,33.86512,24.98611,,3.56,3.23452428909341,5.631068930227601,,,,0.0
DEU,1963-05-01,34.11413,24.92087,,3.6,2.9649737122080744,3.2015220306003345,,,,0.0
DEU,1963-06-01,33.80287,24.79039,,3.83,2.425872558437381,2.2599032425132615,,,,0.0
DEU,1963-07-01,34.36314,24.79039,,3.98,2.150525228392852,3.7593944097034537,,,,0.0
DEU,1963-08-01,35.60818,24.72515,,3.81,2.4324291853387914,3.0630479393572774,,,,0.0
DEU,1963-09-01,34.61215,24.79039,,3.75,2.7027083011399666,2.583029001838133,,,,0.0
DEU,1963-10-01,35.17242,24.98611,,5.13,3.23452428909341,6.003764276145396,,,,0.0
DEU,1963-11-01,35.42142,25.05134,,5.0,3.2257878425892894,4.5955838928076975,,,,0.0
DEU,1963-12-01,34.36314,25.24706,,4.98,3.4759254181631505,4.150957807258937,,,,0.0
DEU,1964-01-01,35.98169,25.37753,,3.33,2.6385279765744674,8.64660110332418,,,,0.0
DEU,1964-02-01,36.85322,25.44277,,3.33,2.094228652530994,12.547542219200869,,,,0.0
DEU,1964-03-01,36.2307,25.44277,,3.46,2.094228652530994,7.977740862005134,,,,0.0
DEU,1964-04-01,36.29295,25.44277,,3.55,1.8276554453654503,7.169116778561535,,,,0.0
DEU,1964-05-01,36.2307,25.44277,,3.69,2.094228652530994,6.204379241094515,,,,0.0
DEU,1964-06-01,36.85322,25.37753,,3.75,2.368417761882746,9.023937908230884,,,,0.0
DEU,1964-07-01,37.60025,25.44277,,3.69,2.6315842550278523,9.420297446624492,,,,0.0
DEU,1964-08-01,37.28899,25.44277,,3.91,2.902388863161609,4.720291798120546,,,,0.0
DEU,1964-09-01,37.35124,25.44277,,4.08,2.6315842550278523,7.913666154804022,,,,0.0
DEU,1964-10-01,37.84925,25.50801,,5.42,2.088760515342325,7.6105937549932445,,,,0.0
DEU,1964-11-01,37.787,25.63848,,5.5,2.3437468814043516,6.678388387591472,,,,0.0
DEU,1964-12-01,38.22277,25.8342,,5.36,2.3255777108304843,11.231889751635027,,,,0.0
DEU,1965-01-01,39.0943,25.89944,,3.88,2.0565831268842816,8.650538648962836,,,,0.0
DEU,1965-02-01,38.78304,25.89944,,3.95,1.794891043703184,5.236503078971122,,,,0.0
DEU,1965-03-01,38.72078,26.02991,,4.28,2.3076889819779955,6.872845404587813,,,,0.0
DEU,1965-04-01,38.90754,26.09515,,4.52,2.56410760306367,7.2041264212471035,,,,0.0
DEU,1965-05-01,38.90754,26.16039,,4.69,2.8205262241493445,7.388319850292713,,,,0.0
DEU,1965-06-01,38.59628,26.3561,,4.8,3.8560490323526375,4.729735963370363,,,,0.0
DEU,1965-07-01,38.78304,26.42134,,5.08,3.846161404595505,3.1456971695666747,,,,0.0
DEU,1965-08-01,39.15655,26.42134,,5.27,3.846161404595505,5.008341604318067,,,,0.0
DEU,1965-09-01,39.46781,26.42134,,5.36,3.846161404595505,5.666665952723404,,,,0.0
DEU,1965-10-01,39.28105,26.551820000000003,,6.66,4.092087152231816,3.7829019069070213,,,,0.0
DEU,1965-11-01,39.03204,26.68229,,6.58,4.071263195009989,3.294889776907417,,,,0.0
DEU,1965-12-01,39.96582,26.81277,,6.55,3.7878858257658576,4.560239877957573,,,,0.0
DEU,1966-01-01,39.65456,26.943240000000003,,5.23,4.030202969639518,1.4330989428126273,,,,0.0
DEU,1966-02-01,39.71682,27.00848,,5.36,4.282100307960324,2.40770192331492,,,,1.0
DEU,1966-03-01,40.52609,27.07372,,5.69,4.010040756959987,4.662380251637499,,,,1.0
DEU,1966-04-01,39.84132,27.26943,,6.21,4.499993293772975,2.3999975326119527,,,,1.0
DEU,1966-05-01,39.65456,27.26943,,6.35,4.239386339423845,1.9199877453059289,,,,1.0
DEU,1966-06-01,40.15258,27.26943,,6.81,3.465345783329088,4.0322538856076395,,,,1.0
DEU,1966-07-01,39.71682,27.26943,,6.89,3.2098674783338055,2.40770192331492,,,,1.0
DEU,1966-08-01,39.2188,27.204190000000004,,7.0,2.962945861186461,0.15897723369397987,,,,1.0
DEU,1966-09-01,39.46781,27.204190000000004,,6.8,2.962945861186461,0.0,,,,1.0
DEU,1966-10-01,38.96979,27.26943,,7.88,2.7026772552691147,-0.7923922603901845,,,,1.0
DEU,1966-11-01,38.47178,27.53038,,7.73,3.1784753107773067,-1.4353848786791579,,,,1.0
DEU,1966-12-01,38.53403,27.59562,,7.57,2.9196908786373044,-3.5825362772489044,,,,1.0
DEU,1967-01-01,37.84925,27.66086,,5.69,2.6634510177691917,-4.552591177408094,,,,1.0
DEU,1967-02-01,37.41349,27.66086,,5.56,2.415463587732458,-5.799381722907315,,,,1.0
DEU,1967-03-01,37.16448,27.7261,,5.04,2.4096430043599293,-8.294928032780868,,,,1.0
DEU,1967-04-01,37.41349,27.7261,,4.48,1.6746591329558358,-6.0937489018938145,,,,1.0
DEU,1967-05-01,36.85322,27.79133,,3.69,1.913864719577929,-7.064357793908183,,,,1.0
DEU,1967-06-01,37.6625,27.79133,,3.98,1.913864719577929,-6.201544209612431,,,,0.0
DEU,1967-07-01,38.65853,27.79133,,3.51,1.913864719577929,-2.664588957524794,,,,0.0
DEU,1967-08-01,37.84925,27.66086,,3.56,1.6786752334842392,-3.49207522922681,,,,0.0
DEU,1967-09-01,38.84529,27.66086,,3.43,1.6786752334842392,-1.577285387762839,,,,0.0
DEU,1967-10-01,39.28105,27.7261,,4.2,1.6746591329558358,0.79872126588314,,,,0.0
DEU,1967-11-01,39.65456,27.79133,,4.0,0.947861961948937,3.07440934627925,,,,0.0
DEU,1967-12-01,41.95789,27.79133,,4.07,0.7092067509264055,8.885289184650546,,,,0.0
DEU,1968-01-01,38.65853,28.052290000000003,,3.32,1.4151042303095496,2.1381665422696594,,,,0.0
DEU,1968-02-01,39.53006,28.11753,,3.45,1.6509609607221254,5.657237536514215,,,,0.0
DEU,1968-03-01,40.02808,28.11753,,3.52,1.4117744652150765,7.705206691981181,,,,0.0
DEU,1968-04-01,40.15258,28.11753,,3.64,1.4117744652150765,7.321129357352119,,,,0.0
DEU,1968-05-01,41.21087,28.11753,,3.68,1.1737473521418407,11.824339908425907,,,,0.0
DEU,1968-06-01,41.89564,28.11753,,3.72,1.1737473521418407,11.239668104878863,,,,0.0
DEU,1968-07-01,41.33537,28.11753,,3.59,1.1737473521418407,6.92431916060956,,,,0.0
DEU,1968-08-01,44.13671,28.052290000000003,,3.55,1.4151042303095496,16.61184831931941,,,,0.0
DEU,1968-09-01,43.45194,28.052290000000003,,3.54,1.4151042303095496,11.858966685536409,,,,0.0
DEU,1968-10-01,43.57644,28.11753,,4.75,1.4117744652150765,10.93501828489818,,,,0.0
DEU,1968-11-01,45.07049,28.313240000000004,,4.5,1.8779597809820636,13.657773532224304,,,,0.0
DEU,1968-12-01,44.82148,28.37848,,4.44,2.1127092514104273,6.824914217564326,,,,0.0
DEU,1969-01-01,45.3195,28.44371,,3.87,1.395322806088184,17.23027233575616,,,,0.0
DEU,1969-02-01,45.56851,28.57419,,3.91,1.6241113639782867,15.275590272314288,,,,0.0
DEU,1969-03-01,46.06652,28.63943,,4.21,1.8561374345470671,15.085509971999645,,,,0.0
DEU,1969-04-01,46.37778,28.63943,,4.4,1.8561374345470671,15.503860524031076,,,,0.0
DEU,1969-05-01,46.93805,28.70467,,4.38,2.0881635051158476,13.89725574830134,,,,0.0
DEU,1969-06-01,47.43607,28.70467,,5.5,2.0881635051158476,13.224359384413265,,,,0.0
DEU,1969-07-01,47.31157,28.70467,,5.78,2.0881635051158476,14.45783598888799,,,,0.0
DEU,1969-08-01,48.61886,28.63943,,6.5,2.0930198568459124,10.155152026510361,,,,0.0
DEU,1969-09-01,48.1831,28.63943,,6.94,2.0930198568459124,10.888259534557033,,,,0.0
DEU,1969-10-01,48.80562,28.70467,,7.42,2.0881635051158476,12.000016522689783,,,,0.0
DEU,1969-11-01,49.55264,28.7699,,7.69,1.6128849965598935,9.944755426444218,,,,0.0
DEU,1969-12-01,49.17913,28.96562,,8.83,2.068962114954709,9.72223585655807,,,,0.0
DEU,1970-01-01,49.30363,29.29181,,9.29,2.9816785503719467,8.791204669071817,,,,0.0
DEU,1970-02-01,49.98841,29.35704,,9.51,2.7397102070084944,9.699461316597802,,,,0.0
DEU,1970-03-01,50.17516,29.48752,,9.81,2.961267036390036,8.918928540727622,,,,0.0
DEU,1970-04-01,50.67318,29.618,,9.86,3.4168626959405257,9.261762852814437,,,,0.0
DEU,1970-05-01,51.04669,29.618,,9.93,3.1818167566462163,8.753324861173395,,,,0.0
DEU,1970-06-01,50.54868,29.68323,,9.88,3.409062009770536,6.561694507997817,,,,0.0
DEU,1970-07-01,51.1712,29.68323,,9.590000000000002,3.409062009770536,8.157898797270935,,,,0.0
DEU,1970-08-01,50.36192,29.68323,,9.16,3.6446256088197293,3.5851519348664374,,,,1.0
DEU,1970-09-01,50.11291,29.68323,,9.36,3.6446256088197293,4.005159485379717,,,,1.0
DEU,1970-10-01,50.48642,29.81371,,9.53,3.8636221910929525,3.443865685959957,,,,1.0
DEU,1970-11-01,50.05066,29.944190000000003,,8.84,4.081661736745712,1.005032224317426,,,,1.0
DEU,1970-12-01,50.92219,30.1399,,8.12,4.054047522545701,3.544308327536494,,,,1.0
DEU,1971-01-01,51.85597,30.46609,,7.5,4.0089021470506525,5.176779072859339,,,,1.0
DEU,1971-02-01,51.2957,30.72704,,7.47,4.666683017088902,2.6151862001611903,,,,1.0
DEU,1971-03-01,51.04669,30.85752,,7.46,4.646033304937136,1.736975029078125,,,,1.0
DEU,1971-04-01,51.4202,31.05323,,6.36,4.845803227766909,1.4741920676776044,,,,1.0
DEU,1971-05-01,50.67318,31.11847,,6.16,5.066074684313593,-0.7317026823874251,,,,1.0
DEU,1971-06-01,51.23345,31.24894,,6.8,5.274729198945005,1.3546743456011034,,,,1.0
DEU,1971-07-01,52.04272,31.37942,,7.66,5.714304002630444,1.703145519354643,,,,1.0
DEU,1971-08-01,49.8639,31.37942,,7.559999999999999,5.714304002630444,-0.9888820759812122,,,,1.0
DEU,1971-09-01,51.04669,31.44466,,7.59,5.934091404473163,1.863352178111377,,,,1.0
DEU,1971-10-01,51.1712,31.57513,,7.8,5.908087252475469,1.3563647412512037,,,,1.0
DEU,1971-11-01,50.42417,31.64037,,6.79,5.664471137806704,0.7462638854312642,,,,1.0
DEU,1971-12-01,49.55264,31.77085,,6.63,5.411265465379778,-2.6894954832068385,,,,1.0
DEU,1972-01-01,51.48246,32.16227,,5.19,5.567435795010112,-0.7202835083405024,,,,1.0
DEU,1972-02-01,51.85597,32.29275,,4.88,5.095544510632988,1.0922358014414435,,,,1.0
DEU,1972-03-01,52.41624,32.48846,,4.8,5.285389104503535,2.6829359552989596,,,,0.0
DEU,1972-04-01,52.41624,32.61894,,4.78,5.04201978344927,1.9370597547267332,,,,0.0
DEU,1972-05-01,52.10498,32.61894,,4.71,4.821798758100915,2.825557819738167,,,,0.0
DEU,1972-06-01,52.41624,32.74941,,4.65,4.801666872540311,2.308628444892946,,,,0.0
DEU,1972-07-01,52.66525,33.01036,,4.65,5.197482936268427,1.196190360534577,,,,0.0
DEU,1972-08-01,52.41624,33.01036,,4.8,5.197482936268427,5.118612864216399,,,,0.0
DEU,1972-09-01,52.47849,33.33656,,5.32,6.016601864990756,2.804883137378744,,,,0.0
DEU,1972-10-01,53.16326,33.46703,,6.88,5.991740968287385,3.892931961728485,,,,0.0
DEU,1972-11-01,54.09704,33.66274,,8.07,6.391739413919617,7.283947360958054,,,,0.0
DEU,1972-12-01,54.78181,33.79322,,8.599999999999998,6.365489119743417,10.552757633094846,,,,0.0
DEU,1973-01-01,55.27983,34.18465,,7.889999999999999,6.288051185441823,7.37604613299363,,,,0.0
DEU,1973-02-01,55.77785,34.38036,,7.96,6.464639895951896,7.563025048032079,,,,0.0
DEU,1973-03-01,56.15136,34.64131,,8.769999999999998,6.626506765786977,7.125883123245758,,,,0.0
DEU,1973-04-01,55.8401,34.83702,,10.62,6.799975719627915,6.532059529641954,,,,1.0
DEU,1973-05-01,56.21361,35.09798,,12.42,7.60000171679398,7.885292346336192,,,,1.0
DEU,1973-06-01,55.8401,35.293690000000005,,13.62,7.7689338525488205,6.532059529641954,,,,1.0
DEU,1973-07-01,53.84803,35.424170000000004,,14.3,7.312280144778804,2.2458452205201818,,,,1.0
DEU,1973-08-01,56.83613,35.424170000000004,,14.57,7.312280144778804,8.432291213562815,,,,1.0
DEU,1973-09-01,56.58712,35.424170000000004,,14.25,6.262223816734558,7.8291696274035205,,,,1.0
DEU,1973-10-01,56.21361,35.68512,,14.49,6.627687010170891,5.737703067870559,,,,1.0
DEU,1973-11-01,56.52487,36.14178,,13.62,7.364344078943064,4.4879165292592615,,,,1.0
DEU,1973-12-01,55.9646,36.46797,,13.2,7.915049231768978,2.1590925893101964,,,,1.0
DEU,1974-01-01,56.15136,36.72892,,12.09,7.442726486888129,1.576578654456795,,,,1.0
DEU,1974-02-01,55.9646,37.05511,,10.67,7.779877813961211,0.3348103234527722,,,,1.0
DEU,1974-03-01,55.65334,37.12035,,11.2,7.156311351966793,-0.8869241991645405,,,,1.0
DEU,1974-04-01,55.77785,37.3813,,10.07,7.303380139862714,-0.11147902672093979,,,,1.0
DEU,1974-05-01,56.40037,37.57701,,9.1,7.063170017191878,0.33223271019242606,,,,1.0
DEU,1974-06-01,55.7156,37.70749,,9.46,6.8391828680990585,-0.22295805344187958,,,,1.0
DEU,1974-07-01,55.65334,37.83797,,9.48,6.8139916898546815,3.3526017572044875,,,,1.0
DEU,1974-08-01,54.2838,37.90321,,9.65,6.998159731053688,-4.49068224736624,,,,1.0
DEU,1974-09-01,54.4083,37.96844,,9.69,7.182299542939186,-3.8503815002424613,,,,1.0
DEU,1974-10-01,54.22155,38.2294,,9.78,7.129806485168055,-3.5437325587166613,,,,1.0
DEU,1974-11-01,53.84803,38.49035,,9.04,6.498213425016708,-4.73568537176644,,,,1.0
DEU,1974-12-01,51.1712,38.55558,,8.599999999999998,5.724502899393635,-8.565057196870873,,,,1.0
DEU,1975-01-01,51.48246,38.94701,,7.74,6.039083098550124,-8.314847583388884,,,,1.0
DEU,1975-02-01,51.23345,39.14273,,6.43,5.633824862481851,-8.453826168685207,,,,1.0
DEU,1975-03-01,51.79372,39.338440000000006,,5.71,5.975401632797106,-6.935109375286375,,,,1.0
DEU,1975-04-01,51.10894,39.66463,,4.89,6.108214535075018,-8.370544938537439,,,,1.0
DEU,1975-05-01,50.92219,39.86034,,4.99,6.076401501875739,-9.71302138620722,,,,1.0
DEU,1975-06-01,50.79768,40.18653,,4.88,6.574396757779422,-8.826827674834338,,,,1.0
DEU,1975-07-01,49.55264,40.18653,,4.66,6.206886891659358,-10.961965625064018,,,,0.0
DEU,1975-08-01,51.48246,40.12129,,3.88,5.851958185071915,-5.160545135012651,,,,0.0
DEU,1975-09-01,51.4202,40.31701,,3.93,6.1855846592591135,-5.491992949605107,,,,0.0
DEU,1975-10-01,52.41624,40.38224,,4.07,5.631372713147487,-3.3295064416269837,,,,0.0
DEU,1975-11-01,53.16326,40.51272,,4.12,5.254226059259004,-1.2716714056206002,,,,0.0
DEU,1975-12-01,53.10101,40.6432,,4.21,5.414572936005624,3.7712815020949364,,,,0.0
DEU,1976-01-01,53.78578,40.96939,,3.93,5.192645083666236,4.4739897821510555,,,,0.0
DEU,1976-02-01,54.84407,41.230340000000005,,3.72,5.333327542560284,7.047387985778841,,,,0.0
DEU,1976-03-01,54.78181,41.36081,,3.74,5.140951191760523,5.76921294705226,,,,0.0
DEU,1976-04-01,55.09307,41.55653,,3.62,4.769740698450997,7.795368090201049,,,,0.0
DEU,1976-05-01,55.40434,41.62177,,3.77,4.419003952299438,8.801958438943803,,,,0.0
DEU,1976-06-01,56.02686,41.687,,4.14,3.7337635272316483,10.29413154301535,,,,0.0
DEU,1976-07-01,53.97254,41.62177,,4.47,3.571445456972766,8.919605494278414,,,,0.0
DEU,1976-08-01,55.7156,41.75224,,4.56,4.065048755909895,8.222489756705475,,,,0.0
DEU,1976-09-01,56.27586,41.81748,,4.56,3.721679757501861,9.443098237657566,,,,0.0
DEU,1976-10-01,56.27586,41.88272,,4.85,3.715692839228324,7.363404929464612,,,,0.0
DEU,1976-11-01,56.33812,42.01319,,4.69,3.703700961080858,5.971906162263196,,,,0.0
DEU,1976-12-01,56.40037,42.14367,,4.93,3.6918106841981047,6.213365809802873,,,,0.0
DEU,1977-01-01,56.71163,42.60033,,4.78,3.9808745016706393,5.439820710976018,,,,0.0
DEU,1977-02-01,56.52487,42.79605,,4.71,3.7974705035175527,3.064688670990323,,,,0.0
DEU,1977-03-01,57.14739,42.86128,,4.73,3.6277577736026023,4.318185178620415,,,,0.0
DEU,1977-04-01,56.52487,43.057,,4.62,3.610672017129435,2.5988749583205406,,,,0.0
DEU,1977-05-01,56.02686,43.187470000000005,,4.44,3.7617333429116773,1.1235942888228712,,,,0.0
DEU,1977-06-01,57.02289,43.38319,,4.28,4.06887039124908,1.7777723042126548,,,,0.0
DEU,1977-07-01,54.59506,43.31795,,4.29,4.075223134431827,1.1534013407558552,,,,0.0
DEU,1977-08-01,56.96064,43.31795,,4.12,3.7500023950810757,2.2346344650331362,,,,0.0
DEU,1977-09-01,57.08514,43.38319,,4.15,3.74415196707214,1.4380588763992286,,,,0.0
DEU,1977-10-01,56.83613,43.38319,,4.13,3.5825514675264625,0.995577855229568,,,,0.0
DEU,1977-11-01,56.89838,43.44843,,4.15,3.416165256672965,0.994459879030396,,,,0.0
DEU,1977-12-01,58.01892,43.5789,,3.98,3.405564821478513,2.8697506771675485,,,,0.0
DEU,1978-01-01,58.20568,43.90509,,3.58,3.0627931755458304,2.634468450298466,,,,0.0
DEU,1978-02-01,56.52487,44.03556,,3.46,2.89631870231013,0.0,,,,0.0
DEU,1978-03-01,55.34208,44.16604,,3.51,3.044146138426118,-3.1590419090005706,,,,0.0
DEU,1978-04-01,56.46262,44.36176,,3.56,3.0303086606126683,-0.11012851511201793,,,,0.0
DEU,1978-05-01,56.40037,44.42699,,3.6,2.870091718732315,0.6666623830070106,,,,0.0
DEU,1978-06-01,56.08911,44.55747,,3.68,2.706762688497566,-1.637552919538099,,,,0.0
DEU,1978-07-01,57.58316,44.49223,,3.75,2.7108392710181173,5.473205817522686,,,,0.0
DEU,1978-08-01,58.14342,44.42699,,3.7,2.560231959268622,2.0764865001516863,,,,0.0
DEU,1978-09-01,59.07721,44.36176,,3.7,2.2556432572155227,3.489647218172709,,,,0.0
DEU,1978-10-01,58.08117,44.42699,,3.95,2.406001034041072,2.1905784225632496,,,,0.0
DEU,1978-11-01,58.51694,44.55747,,3.85,2.5525433255010554,2.8446504100819725,,,,0.0
DEU,1978-12-01,60.3845,44.68795,,4.06,2.5449242638065694,4.077256177812338,,,,0.0
DEU,1979-01-01,58.76595,45.14461,,3.89,2.8231806380535795,0.9625692887704318,,,,0.0
DEU,1979-02-01,58.57919,45.275090000000006,,4.15,2.814838734877023,3.634364837990778,,,,0.0
DEU,1979-03-01,58.8282,45.53604,,4.47,3.1019308047540495,6.299221135165145,,,,0.0
DEU,1979-04-01,60.19774,45.73175,,5.54,3.088222829752474,6.615208433473341,,,,0.0
DEU,1979-05-01,60.07324,45.86222,,5.92,3.2305362123339787,6.512138129590284,,,,0.0
DEU,1979-06-01,61.25603,46.12318,,6.46,3.5139113598684935,9.211984287145935,,,,0.0
DEU,1979-07-01,61.56729,46.38413,,6.84,4.252203137491639,6.918915182841645,,,,0.0
DEU,1979-08-01,60.69576,46.44937,,7.09,4.552142740257659,4.389731460584878,,,,0.0
DEU,1979-09-01,60.82026,46.64508,,7.889999999999999,5.147045563566466,2.9504609307040575,,,,0.0
DEU,1979-10-01,60.13549,46.71032,,8.76,5.1395109144238615,3.5369810904291255,,,,0.0
DEU,1979-11-01,61.6918,46.97127,,9.65,5.417273467277184,5.425540023111264,,,,1.0
DEU,1979-12-01,62.62558,47.10175,,9.58,5.40145609722531,3.711349766910388,,,,1.0
DEU,1980-01-01,62.25206,47.3627,,8.859999999999998,4.91329972725425,5.932193727830493,,,,1.0
DEU,1980-02-01,62.18981,47.94984,,8.97,5.907774009946731,6.163656411090712,,,,1.0
DEU,1980-03-01,61.62954,48.14555,,9.64,5.730647636465536,4.761899905147526,,,,1.0
DEU,1980-04-01,61.00702,48.4065,,10.22,5.84878120780421,1.3443694065591094,,,,1.0
DEU,1980-05-01,60.94477,48.66745,,10.26,6.116646773749723,1.4507790823335087,,,,1.0
DEU,1980-06-01,60.3845,48.79793,,10.11,5.799144811784451,-1.4227660525829022,,,,1.0
DEU,1980-07-01,60.69576,48.86317,,9.7,5.3445866075314985,-1.4155731070833233,,,,1.0
DEU,1980-08-01,60.82026,48.92841,,8.98,5.337079921643717,0.20512141210522472,,,,1.0
DEU,1980-09-01,58.70369,48.92841,,8.97,4.895114340033291,-3.4800410258029046,,,,1.0
DEU,1980-10-01,59.01495,48.99364,,9.08,4.888255957141796,-1.8633588917293276,,,,1.0
DEU,1980-11-01,60.01099,49.31984,,9.45,5.000013838246242,-2.724527408829047,,,,1.0
DEU,1980-12-01,59.13946,49.71126,,10.2,5.540155089779053,-5.566607127630596,,,,1.0
DEU,1981-01-01,58.89045,50.16793,,9.47,5.9228675730057745,-5.39999800809804,,,,1.0
DEU,1981-02-01,60.01099,50.55935,,10.67,5.44216623037741,-3.5035000106930725,,,,1.0
DEU,1981-03-01,59.76198,50.95078,,13.6,5.826561333290403,-3.0303000801239155,,,,1.0
DEU,1981-04-01,59.20171,51.21173,,13.19,5.795151477590821,-2.959184041443097,,,,1.0
DEU,1981-05-01,59.57522,51.47268,,13.2,5.764078454901567,-2.247198570115194,,,,1.0
DEU,1981-06-01,58.89045,51.6684,,13.09,5.882360173884416,-2.474227657759853,,,,1.0
DEU,1981-07-01,59.38847,51.99459,,12.96,6.408548606240672,-2.153840729566614,,,,1.0
DEU,1981-08-01,59.45072,52.12506,,12.9,6.533320825262856,-2.251782547460335,,,,1.0
DEU,1981-09-01,59.63747,52.38601,,12.5,7.066651052016604,1.590666617379588,,,,1.0
DEU,1981-10-01,59.94873,52.64697,,11.78,7.456743365057195,1.5822770331924252,,,,1.0
DEU,1981-11-01,59.45072,52.90792,,11.08,7.275124980129699,-0.9336123266755036,,,,1.0
DEU,1981-12-01,58.9527,53.03839,,10.82,6.692910217926484,-0.31579591697320497,,,,1.0
DEU,1982-01-01,59.20171,53.49506,,10.46,6.631985812450303,0.5285407056661917,,,,1.0
DEU,1982-02-01,58.76595,53.5603,,10.27,5.935499566351221,-2.0746866532280195,,,,1.0
DEU,1982-03-01,59.32621,53.5603,,9.87,5.121648775543752,-0.729175974423868,,,,1.0
DEU,1982-04-01,59.20171,53.75601,,9.33,4.968158662087774,0.0,,,,1.0
DEU,1982-05-01,59.20171,54.14744,,9.18,5.196465387075255,-0.6269553012141715,,,,1.0
DEU,1982-06-01,57.76991,54.73458,,9.28,5.934342847852858,-1.902753332671081,,,,1.0
DEU,1982-07-01,55.8401,54.79982,,9.46,5.395234388808512,-5.974846632688124,,,,1.0
DEU,1982-08-01,57.02289,54.73458,,9.0,5.006267618684768,-4.083768876138083,,,,1.0
DEU,1982-09-01,56.77388,54.93029,,8.179999999999998,4.856792872753624,-4.801662444768374,,,,1.0
DEU,1982-10-01,56.15136,55.19124,,7.58,4.832699773605209,-6.334362712938201,,,,1.0
DEU,1982-11-01,55.46659,55.32171999999999,,7.309999999999999,4.5622659140635236,-6.701567281270949,,,,0.0
DEU,1982-12-01,55.7156,55.45219,,6.62,4.551043121784049,-5.4910122861209,,,,0.0
DEU,1983-01-01,56.58712,55.71315,,5.82,4.146345475638302,-4.416409593574244,,,,0.0
DEU,1983-02-01,56.08911,55.71315,,5.83,4.01948831503931,-4.555086746661963,,,,0.0
DEU,1983-03-01,57.08514,55.71315,,5.45,4.01948831503931,-3.7775377864185167,,,,0.0
DEU,1983-04-01,57.64541,55.84362,,5.2,3.883491352873847,-2.6288092016261033,,,,0.0
DEU,1983-05-01,57.2719,55.9741,,5.33,3.373492818866408,-3.259720031735569,,,,0.0
DEU,1983-06-01,59.20171,56.16981,,5.57,2.622163173628067,2.478452883170479,,,,0.0
DEU,1983-07-01,56.52487,56.36552,,5.57,2.857126173042168,1.2263051104851153,,,,0.0
DEU,1983-08-01,57.08514,56.561240000000005,,5.71,3.337305228248777,0.10916668727243284,,,,0.0
DEU,1983-09-01,58.57919,56.69172,,5.88,3.206664301244344,3.179824947669596,,,,0.0
DEU,1983-10-01,58.39243,56.69172,,6.18,2.7186923142150654,3.9911232782251505,,,,0.0
DEU,1983-11-01,59.13946,56.82219,,6.3,2.7122620193298586,6.621769969994551,,,,0.0
DEU,1983-12-01,60.32225,56.95266,,6.48,2.7058805071539904,8.268151110281497,,,,0.0
DEU,1984-01-01,59.57522,57.14838,,6.12,2.5761063590911792,5.280530269078909,,,,0.0
DEU,1984-02-01,60.13549,57.34409,,5.95,2.9273878788041996,7.21419897730593,,,,0.0
DEU,1984-03-01,59.20171,57.40933,,5.86,3.044487701736487,3.7077425053174906,,,,0.0
DEU,1984-04-01,58.76595,57.47456999999999,,5.84,2.920566395946378,1.9438494756130575,,,,0.0
DEU,1984-05-01,59.20171,57.53981,,6.1,2.797204421330579,3.3695581952056797,,,,0.0
DEU,1984-06-01,53.59903,57.73552,,6.13,2.787458244918395,-9.463713125853968,,,,0.0
DEU,1984-07-01,60.19774,57.670280000000005,,6.13,2.3148194144221756,6.497794687541969,,,,0.0
DEU,1984-08-01,59.57522,57.53981,,6.02,1.7301070485724823,4.362045884445576,,,,0.0
DEU,1984-09-01,60.82026,57.60505,,5.82,1.6110465514187933,3.825710119924852,,,,0.0
DEU,1984-10-01,60.57125,57.931230000000006,,6.07,2.186403940469628,3.731339832920133,,,,0.0
DEU,1984-11-01,61.06927,57.99647,,5.96,2.06658701468565,3.263151202259884,,,,0.0
DEU,1984-12-01,61.44279,58.06171,,5.83,1.947319054105634,1.8575898611209007,,,,0.0
DEU,1985-01-01,61.44279,58.3879,,5.87,2.168950370946643,3.134810077075678,,,,0.0
DEU,1985-02-01,61.50504,58.64885,,6.16,2.275317299481072,2.277440493126437,,,,0.0
DEU,1985-03-01,62.06531,58.84456,,6.39,2.4999943388992696,4.837022444115213,,,,0.0
DEU,1985-04-01,61.38054,58.9098,,6.02,2.4971565685484975,4.449158058365432,,,,0.0
DEU,1985-05-01,62.12756,58.9098,,5.84,2.3809428637320718,4.942171433899456,,,,0.0
DEU,1985-06-01,62.87458,58.9098,,5.68,2.033895252004303,17.305443773889206,,,,0.0
DEU,1985-07-01,63.4971,58.9098,,5.34,2.1493219731202773,5.480870212071087,,,,0.0
DEU,1985-08-01,61.87855,58.71409,,4.79,2.040813134419439,3.866255130908458,,,,0.0
DEU,1985-09-01,62.62558,58.77933,,4.71,2.0385018327386373,2.968287212188847,,,,1.0
DEU,1985-10-01,63.3726,58.84456,,4.84,1.5765762266742644,4.624883917700218,,,,1.0
DEU,1985-11-01,64.55539,58.9098,,4.88,1.574802742304815,5.708468432650338,,,,1.0
DEU,1985-12-01,62.12756,58.97504,,4.86,1.5730332434232608,1.1144838963204728,,,,1.0
DEU,1986-01-01,63.3726,59.17075,,4.72,1.3407743727724242,3.1408241715586094,,,,1.0
DEU,1986-02-01,63.62161,59.10551,,4.54,0.778634193168326,3.4412952174325717,,,,1.0
DEU,1986-03-01,63.74611,58.9098,,4.56,0.11086836234308617,2.7081150484868255,,,,1.0
DEU,1986-04-01,64.05737,58.9098,,4.53,0.0,4.361040160285334,,,,1.0
DEU,1986-05-01,63.43485,58.9098,,4.62,0.0,2.104203030024032,,,,1.0
DEU,1986-06-01,63.74611,58.9098,,4.65,0.0,1.3861404720317827,,,,1.0
DEU,1986-07-01,64.67989,58.71409,,4.65,-0.33221976649046026,1.8627464876348698,,,,1.0
DEU,1986-08-01,63.55936,58.51838000000001,,4.61,-0.33332714515372786,2.7163047615045954,,,,1.0
DEU,1986-09-01,63.18584,58.58361,,4.53,-0.33297419347924073,0.894618461018637,,,,1.0
DEU,1986-10-01,63.3726,58.3879,,4.64,-0.776044548553001,0.0,,,,1.0
DEU,1986-11-01,64.05737,58.32266,,4.73,-0.996676274575703,-0.771461530942652,,,,1.0
DEU,1986-12-01,63.2481,58.3879,,4.84,-0.9955737206791215,1.8036117948298624,,,,1.0
DEU,1987-01-01,62.25206,58.71409,,4.54,-0.771766455554479,-1.7681774142137119,,,,1.0
DEU,1987-02-01,63.4971,58.77933,,4.03,-0.551860562576989,-0.19570394399008872,,,,1.0
DEU,1987-03-01,63.12359,58.77933,,4.04,-0.2214741859588698,-0.9765615501871383,,,,1.0
DEU,1987-04-01,63.99512,58.9098,,3.91,0.0,-0.09717851357308183,,,,1.0
DEU,1987-05-01,64.9289,58.9098,,3.81,0.0,2.3552510962034257,,,,0.0
DEU,1987-06-01,63.74611,58.97504,,3.73,0.11074558053159045,0.0,,,,0.0
DEU,1987-07-01,62.99909,58.97504,,3.86,0.44444187076730923,-2.598643875244677,,,,0.0
DEU,1987-08-01,64.36863,58.9098,,4.0,0.6688838617883608,1.2732507061115728,,,,0.0
DEU,1987-09-01,63.55936,58.84456,,4.04,0.4454317513038264,0.5911451046626937,,,,0.0
DEU,1987-10-01,64.55539,58.9098,,4.74,0.8938495818482828,1.866405986183306,,,,0.0
DEU,1987-11-01,64.9289,58.9098,,3.98,1.0067099134367208,1.36054602304152,,,,0.0
DEU,1987-12-01,64.99115,58.97504,,3.71,1.0055850612883832,2.755893062400294,,,,0.0
DEU,1988-01-01,64.67989,59.23599,,3.46,0.8888837415346185,3.899999453833325,,,,0.0
DEU,1988-02-01,65.17791,59.36646999999999,,3.37,0.9988885548712245,2.6470657715076618,,,,0.0
DEU,1988-03-01,64.86665,59.36646999999999,,3.44,0.9988885548712245,2.761344847465108,,,,0.0
DEU,1988-04-01,65.30241,59.49694,,3.43,0.9966762745757141,2.042796388224599,,,,0.0
DEU,1988-05-01,65.30241,59.62742,,3.58,1.218167435638895,0.5752600151858411,,,,0.0
DEU,1988-06-01,66.4852,59.69266,,3.93,1.216819861419327,4.296873958269765,,,,0.0
DEU,1988-07-01,64.9289,59.69266,,4.93,1.216819861419327,3.0632347229142542,,,,0.0
DEU,1988-08-01,67.60574,59.62742,,5.37,1.218167435638895,5.029018017006104,,,,0.0
DEU,1988-09-01,66.79646,59.69266,,5.02,1.4412547226115624,5.093034291094178,,,,0.0
DEU,1988-10-01,67.04547,59.75789,,5.1,1.4396416215977759,3.8572766735666786,,,,0.0
DEU,1988-11-01,67.35673,59.95361,,4.95,1.7718783631925472,3.7392132009012924,,,,0.0
DEU,1988-12-01,68.85078,60.08408000000001,,5.39,1.8805243709881347,5.9387008846589096,,,,0.0
DEU,1989-01-01,67.85474,60.605990000000006,,5.7,2.3127831576715607,4.908558131437779,122.86457,122.86457,108.0,0.0
DEU,1989-02-01,67.60574,60.8017,,6.43,2.4175767904003775,3.7249276633755324,62.10709,62.10709,71.0,0.0
DEU,1989-03-01,68.10376,60.86694,,6.67,2.527470472810678,4.990407243167305,76.369705,76.369705,92.0,0.0
DEU,1989-04-01,70.15807,61.25836999999999,,6.48,2.9605388109035458,7.435652068583698,45.560543,45.560543,92.0,0.0
DEU,1989-05-01,66.79646,61.3236,,7.02,2.8446308761975514,2.2878941221311733,209.24107,209.24107,68.0,0.0
DEU,1989-06-01,69.4733,61.38884,,7.02,2.841521888955878,4.494383712465311,214.58934,214.58934,108.0,0.0
DEU,1989-07-01,69.84682,61.3236,,7.09,2.7322287195779227,7.574315905552065,230.60466,230.60466,61.0,0.0
DEU,1989-08-01,69.66006,61.3236,,7.07,2.8446308761975514,3.038676893411729,58.166359,58.166359,66.0,0.0
DEU,1989-09-01,70.03357,61.38884,,7.41,2.841521888955878,4.846229875056252,121.39721,121.39721,117.0,0.0
DEU,1989-10-01,70.22033,61.58455,,8.13,3.0567679012762916,4.735383315233688,297.953,297.953,154.0,0.0
DEU,1989-11-01,70.53159,61.715030000000006,,8.29,2.937971541663642,4.713500789008007,213.82068,213.82068,335.0,0.0
DEU,1989-12-01,71.71438,61.91074,,8.109999999999998,3.0401730375167357,4.159139518826094,235.95015,235.95015,220.0,0.0
DEU,1990-01-01,71.58987,62.23693000000001,,8.3,2.6910541350780637,5.504597025940994,267.62271,267.62271,151.0,0.0
DEU,1990-02-01,71.27861,62.49788,,8.31,2.7896917355929363,5.432778341010702,290.21634,290.21634,241.0,0.0
DEU,1990-03-01,71.96339,62.49788,,8.48,2.679516992311437,5.667278869771675,188.78333,188.78333,200.0,0.0
DEU,1990-04-01,70.71835,62.62836,,8.269999999999998,2.2364127546978585,0.7985966546685264,123.12209,123.12209,156.0,0.0
DEU,1990-05-01,72.52365,62.75883,,8.33,2.3404203275737334,8.574092100090347,231.2879,231.2879,222.0,0.0
DEU,1990-06-01,72.52365,62.82406999999999,,8.3,2.3379330836027945,4.390679584818935,232.64496,232.64496,229.0,0.0
DEU,1990-07-01,73.20843,62.82406999999999,,8.26,2.4468067758578904,4.8128318511852175,178.41396,178.41396,236.0,0.0
DEU,1990-08-01,73.64419,63.01979,,8.449999999999998,2.7659661207104724,5.719389274140729,106.85023,106.85023,158.0,0.0
DEU,1990-09-01,74.32896,63.2155,,8.47,2.975557120805661,6.13333005871326,204.80988,204.80988,183.0,0.0
DEU,1990-10-01,74.45347,63.67216,,8.599999999999998,3.389827481080876,6.028368137831297,92.983269,92.983269,183.0,0.0
DEU,1990-11-01,74.45347,63.54169,,8.88,2.9598300446422865,5.560458795838863,162.54854,162.54854,197.0,0.0
DEU,1990-12-01,74.76472,63.606930000000006,,9.21,2.739734656700943,4.25345655920053,118.62884,118.62884,138.0,0.0
DEU,1991-01-01,77.05526,63.99836,5.2,9.35,2.830200654177495,7.634306362059329,79.908684,79.908684,130.0,0.0
DEU,1991-02-01,76.14754,64.27823000000001,5.2,9.08,2.8486566264327884,6.830843081816562,184.31261,184.31261,112.0,0.0
DEU,1991-03-01,75.64325,64.27823000000001,5.3,9.090000000000002,2.8486566264327884,5.113516747890823,111.12193,111.12193,115.0,1.0
DEU,1991-04-01,75.03811,64.55811,5.3,9.18,3.081271807213226,6.108400436378969,193.74814,193.74814,117.0,1.0
DEU,1991-05-01,73.82781,64.74469,5.3,9.08,3.1642718642141743,1.7982547762005918,91.980766,91.980766,97.0,1.0
DEU,1991-06-01,77.05526,65.11786,5.4,9.06,3.651132440161864,6.248458261546408,90.294495,90.294495,134.0,1.0
DEU,1991-07-01,74.83639,65.8642,5.5,9.15,4.839116599736393,2.2237329771994663,88.161324,88.161324,99.0,1.0
DEU,1991-08-01,73.6261,65.8642,5.6,9.31,4.5135186899226465,-0.02456405590176569,103.6768,103.6768,109.0,1.0
DEU,1991-09-01,73.42439,65.8642,5.7,9.27,4.1899534133242655,-1.2169819139134952,180.32458,180.32458,116.0,1.0
DEU,1991-10-01,74.53381,66.89041,5.8,9.38,5.054406823955726,0.10790632055162064,120.48721,120.48721,143.0,1.0
DEU,1991-11-01,75.34068,67.17029000000001,5.9,9.43,5.710581509556967,1.1916301550485286,93.806389,93.806389,174.0,1.0
DEU,1991-12-01,75.44154,67.26358,6.0,9.58,5.748823280733717,0.9052665481794175,201.52095,201.52095,120.0,1.0
DEU,1992-01-01,76.34926,67.63675,6.0,9.53,5.685130056457699,-0.9162255762942162,137.12354,137.12354,142.0,1.0
DEU,1992-02-01,77.66041,68.00992,6.1,9.61,5.805527003465993,1.9867614896029284,94.343948,94.343948,145.0,1.0
DEU,1992-03-01,75.44154,68.28979,6.2,9.7,6.2409310275033825,-0.2666596160265322,112.11124,112.11124,122.0,1.0
DEU,1992-04-01,75.34068,68.56966,6.3,9.75,6.213859110807296,0.40322177624143585,155.33647,155.33647,112.0,1.0
DEU,1992-05-01,74.83639,68.75625,6.4,9.79,6.195967576646044,1.366124770597965,146.82875,146.82875,135.0,1.0
DEU,1992-06-01,73.6261,68.94283,6.5,9.75,5.873918461079652,-4.450260760913672,49.884819,49.884819,99.0,1.0
DEU,1992-07-01,72.31495,69.12942,6.6,9.78,4.957503469259472,-3.369269950087117,62.587868,62.587868,87.0,1.0
DEU,1992-08-01,72.51666,69.12942,6.8,9.88,4.957503469259472,-1.5068569433937085,51.581306,51.581306,88.0,1.0
DEU,1992-09-01,71.91151,69.12942,6.9,9.5,4.957503469259472,-2.0604597464139562,241.1106,241.1106,155.0,1.0
DEU,1992-10-01,71.81066,69.12942,7.0,8.939999999999998,3.3472810227953342,-3.653576812992654,96.985634,96.985634,117.0,1.0
DEU,1992-11-01,70.70123,69.40929,7.1,8.939999999999998,3.333318942050112,-6.157961409427171,94.739906,94.739906,165.0,1.0
DEU,1992-12-01,69.49094,69.50259,7.2,9.04,3.3287107228012536,-7.8876968842364725,170.8373,170.8373,145.0,1.0
DEU,1993-01-01,68.68407,70.71539,7.3,8.59,4.551726687045132,-10.039638891064563,160.57802,160.57802,102.0,1.0
DEU,1993-02-01,67.6755,71.27514000000001,7.4,8.4,4.801093722798111,-12.85714304109391,107.16946,107.16946,109.0,1.0
DEU,1993-03-01,67.77635,71.46172,7.5,7.98,4.644808543121903,-10.160436809747008,238.64882,238.64882,130.0,1.0
DEU,1993-04-01,67.27206,71.64831,7.5,7.92,4.489813716445434,-10.709513107659774,81.773849,81.773849,129.0,1.0
DEU,1993-05-01,67.27206,71.7416,7.6,7.51,4.341932551586236,-10.107823212744494,108.49486,108.49486,137.0,1.0
DEU,1993-06-01,66.76778,71.92818,7.7,7.599999999999999,4.330181978314496,-9.315066260470118,135.48729,135.48729,166.0,1.0
DEU,1993-07-01,65.25491,72.30135,7.8,7.24,4.5883937692519305,-9.762905180740633,127.29019,127.29019,135.0,1.0
DEU,1993-08-01,68.07893,72.30135,7.9,6.61,4.5883937692519305,-6.119600654525459,74.848724,74.848724,100.0,1.0
DEU,1993-09-01,67.77635,72.20805,8.0,6.63,4.453429523927732,-5.750345111651822,102.6608,102.6608,104.0,1.0
DEU,1993-10-01,67.77635,72.20805,8.1,6.640000000000001,4.453429523927732,-5.617982065615335,71.066414,71.066414,141.0,0.0
DEU,1993-11-01,67.1712,72.30135,8.2,6.3100000000000005,4.166675671224995,-4.992883433569684,139.00153,139.00153,143.0,0.0
DEU,1993-12-01,67.97807,72.48793,8.3,6.11,4.295293168211445,-2.177075169799103,178.76649,178.76649,129.0,0.0
DEU,1994-01-01,67.6755,72.86109999999998,8.4,5.89,3.0342899897744635,-1.4684190963057508,153.11472,153.11472,119.0,0.0
DEU,1994-02-01,68.68407,73.42085,8.5,5.91,3.0104605897652403,1.4903029900037668,152.96765,152.96765,115.0,0.0
DEU,1994-03-01,68.3815,73.51414,8.5,5.84,2.872055136652185,0.8928630709679863,49.432087,49.432087,121.0,0.0
DEU,1994-04-01,69.18836,73.60743999999998,8.6,5.59,2.7343701477396953,2.8485823089110296,120.189,120.189,97.0,0.0
DEU,1994-05-01,68.88579,73.79402,8.5,5.2,2.8608506082942187,2.3988116314559216,155.17104,155.17104,112.0,0.0
DEU,1994-06-01,69.39008,73.88731,8.5,5.07,2.723730810372227,3.9274931711073657,97.853767,97.853767,117.0,0.0
DEU,1994-07-01,69.0875,74.07389999999998,8.5,4.97,2.4516139740129006,5.87325919229682,130.78551,130.78551,115.0,0.0
DEU,1994-08-01,69.0875,74.26048,8.4,5.0,2.7096727792772946,1.4814715801203082,102.61775,102.61775,120.0,0.0
DEU,1994-09-01,70.09608,74.07389999999998,8.4,5.07,2.5839916740584723,3.4226245585665227,160.20802,160.20802,171.0,0.0
DEU,1994-10-01,71.40723,73.98061,8.3,5.22,2.454795552573419,5.357148916989485,159.03191,159.03191,107.0,0.0
DEU,1994-11-01,71.81066,74.07389999999998,8.3,5.21,2.4516139740129006,6.90691844123672,84.50824,84.50824,86.0,0.0
DEU,1994-12-01,71.81066,74.26048,8.2,5.4,2.4453036526218774,5.6379800132601465,58.155399,58.155399,73.0,1.0
DEU,1995-01-01,70.39865,74.54035999999996,8.2,5.16,2.304741487570161,4.023834327045983,85.82724,85.82724,66.0,1.0
DEU,1995-02-01,71.40723,74.91353000000002,8.1,5.1000000000000005,2.033046471131872,3.964762134800681,100.85149,100.85149,102.0,1.0
DEU,1995-03-01,70.60036,74.91353000000002,8.1,5.07,1.9035657629947522,3.2448249892149006,171.61516,171.61516,111.0,1.0
DEU,1995-04-01,71.0038,75.00681999999999,8.1,4.68,1.9011393413492117,2.6239095709162497,55.888966,55.888966,125.0,1.0
DEU,1995-05-01,71.40723,75.00681999999999,8.1,4.59,1.6434936055794047,3.660319494049502,53.538807,53.538807,98.0,1.0
DEU,1995-06-01,70.60036,75.10011,8.1,4.53,1.641418533168948,1.7441686189149763,153.37968,153.37968,111.0,1.0
DEU,1995-07-01,70.39865,75.28669999999998,8.2,4.5600000000000005,1.6372838476170548,1.8978107472408245,107.4372,107.4372,129.0,1.0
DEU,1995-08-01,69.59179,75.28669999999998,8.3,4.46,1.381919427399314,0.7299294373077636,56.352348,56.352348,106.0,1.0
DEU,1995-09-01,71.0038,75.28669999999998,8.3,4.19,1.6372838476170548,1.2949654246000586,113.16161,113.16161,130.0,1.0
DEU,1995-10-01,69.18836,75.10011,8.4,4.09,1.5132343461347508,-3.107346412961254,194.50537,194.50537,93.0,1.0
DEU,1995-11-01,69.59179,75.10011,8.4,4.01,1.3853867556589128,-3.089889439812965,138.94899,138.94899,134.0,1.0
DEU,1995-12-01,69.59179,75.37999,8.5,3.94,1.5075447936776065,-3.089889439812965,176.0231,176.0231,107.0,1.0
DEU,1996-01-01,69.89436,75.56657,8.5,3.61,1.3767172576038433,-0.7163347592602953,149.27435,149.27435,130.0,1.0
DEU,1996-02-01,69.28922,76.03304,8.6,3.35,1.494402946970963,-2.966100211421163,119.95072,119.95072,107.0,1.0
DEU,1996-03-01,69.39008,76.03304,8.6,3.36,1.494402946970963,-1.7142688790822036,138.97397,138.97397,120.0,0.0
DEU,1996-04-01,69.39008,76.03304,8.7,3.33,1.3681689211727743,-2.2727234317036604,72.28775,72.28775,105.0,0.0
DEU,1996-05-01,69.99522,76.12633000000001,8.8,3.29,1.492544277973673,-1.9774048090088314,114.643,114.643,124.0,0.0
DEU,1996-06-01,70.39865,76.21961999999996,8.8,3.39,1.490690226685376,-0.28570675843577753,120.25676,120.25676,166.0,0.0
DEU,1996-07-01,69.59179,76.31291,8.9,3.38,1.3630694398878207,-1.1461299328893393,74.487267,74.487267,121.0,0.0
DEU,1996-08-01,70.49951,76.31291,9.0,3.29,1.3630694398878207,1.3043492630380626,85.955444,85.955444,80.0,0.0
DEU,1996-09-01,71.10465,76.31291,9.1,3.12,1.3630694398878207,0.14203465166653384,88.496521,88.496521,90.0,0.0
DEU,1996-10-01,70.09608,76.31291,9.2,3.12,1.6149110833526104,1.311954785458136,123.09152,123.09152,93.0,0.0
DEU,1996-11-01,71.10465,76.21961999999996,9.3,3.19,1.490690226685376,2.1739058587227023,134.42889,134.42889,127.0,0.0
DEU,1996-12-01,71.10465,76.49949000000002,9.4,3.23,1.4851421444869173,2.1739058587227023,76.944176,76.944176,72.0,0.0
DEU,1997-01-01,70.19694,77.15253,9.5,3.14,2.098758750066332,0.43291046659557075,70.134476,70.134476,79.0,0.0
DEU,1997-02-01,71.20551,77.24583,9.5,3.19,1.595082874497722,2.7656394457896916,151.03577,151.03577,96.0,0.0
DEU,1997-03-01,72.01237,77.24583,9.6,3.26,1.595082874497722,3.77905602645221,80.326126,80.326126,98.0,0.0
DEU,1997-04-01,71.7098,77.15253,9.7,3.23,1.4723730630789023,3.343013871723466,107.62643,107.62643,139.0,0.0
DEU,1997-05-01,70.80209,77.33911999999998,9.7,3.17,1.593128159468571,1.1527501449384747,67.024879,67.024879,98.0,0.0
DEU,1997-06-01,73.6261,77.43241,9.7,3.14,1.5911782294375731,4.58453393637519,193.1763,193.1763,97.0,0.0
DEU,1997-07-01,74.43296,78.08546,9.7,3.14,2.3227393634969395,6.956524613032644,71.413292,71.413292,84.0,0.0
DEU,1997-08-01,72.01237,78.17874999999998,9.7,3.26,2.444986044956199,2.1459156240944077,119.84114,119.84114,119.0,0.0
DEU,1997-09-01,72.61752,77.99216,9.7,3.31,2.2004795780949715,2.1276667559716467,94.075432,94.075432,98.0,0.0
DEU,1997-10-01,73.6261,77.89887,9.7,3.58,2.078232896635712,5.03597348097069,122.32105,122.32105,98.0,0.0
DEU,1997-11-01,74.02953,77.89887,9.7,3.74,2.203172883832316,4.113486248789622,68.355797,68.355797,116.0,0.0
DEU,1997-12-01,74.73553,78.08546,9.7,3.74,2.0731772198742338,5.106388963309705,42.207462,42.207462,75.0,0.0
DEU,1998-01-01,75.5424,78.08546,9.7,3.5700000000000003,1.2092020831980577,7.614947318216436,74.09063,74.09063,123.0,1.0
DEU,1998-02-01,75.34068,78.27204,9.7,3.51,1.3284988976103973,5.80737361476662,80.637657,80.637657,146.0,1.0
DEU,1998-03-01,76.34926,78.17874999999998,9.6,3.52,1.2077286243153518,6.0224236474927695,84.406647,84.406647,170.0,1.0
DEU,1998-04-01,75.64325,78.27204,9.6,3.63,1.4510347230350051,5.485233538512158,143.77408,143.77408,120.0,1.0
DEU,1998-05-01,76.04668,78.36533,9.5,3.63,1.3268964012003615,7.407394329743644,84.256424,84.256424,187.0,1.0
DEU,1998-06-01,75.44154,78.45863,9.4,3.56,1.32531068063102,2.4657560294515157,28.125908,28.125908,182.0,1.0
DEU,1998-07-01,77.05526,78.7385,9.4,3.54,0.8363144687884239,3.523036031349558,37.662544,37.662544,134.0,1.0
DEU,1998-08-01,75.34068,78.55191999999998,9.3,3.5,0.4773291975121108,4.621858716773253,110.81815,110.81815,122.0,1.0
DEU,1998-09-01,74.83639,78.36533,9.2,3.49,0.47847116940984424,3.0555573916597467,142.70731,142.70731,212.0,1.0
DEU,1998-10-01,75.34068,78.27204,9.1,3.5700000000000003,0.47904417612218975,2.328766565117557,146.29897,146.29897,177.0,1.0
DEU,1998-11-01,74.3321,78.27204,9.1,3.63,0.47904417612218975,0.4087152788893933,81.155037,81.155037,184.0,1.0
DEU,1998-12-01,74.63467,78.36533,9.0,3.38,0.3584149981315399,-0.1349558904579884,39.766747,39.766747,152.0,1.0
DEU,1999-01-01,75.84496,78.27204,8.9,3.1321,0.23894333208769325,0.40051679586563527,86.568756,86.568756,168.0,0.0
DEU,1999-02-01,74.43296,78.36533,8.8,3.0934,0.11918687694865149,-1.2048205564377912,116.06976,116.06976,269.0,0.0
DEU,1999-03-01,74.93725,78.36533,8.8,3.0466956522,0.23865820315625008,-1.849408887525561,188.85954,188.85954,195.0,0.0
DEU,1999-04-01,75.44154,78.7385,8.7,2.6964545455,0.5959471606974853,-0.2666596160265322,74.781532,74.781532,168.0,0.0
DEU,1999-05-01,75.94582,78.7385,8.6,2.578952381,0.4761927245122255,-0.13262906414849285,28.067719,28.067719,168.0,0.0
DEU,1999-06-01,75.94582,78.83179,8.6,2.6266818182,0.47561370877875486,0.6684381045243715,93.120552,93.120552,165.0,0.0
DEU,1999-07-01,76.55097,79.20496,8.5,2.6764545455,0.59241667037091,-0.654452402081307,82.803566,82.803566,132.0,0.0
DEU,1999-08-01,77.25697,79.11167,8.5,2.6950454545,0.7125860195397182,2.5434997401138304,114.61973,114.61973,138.0,0.0
DEU,1999-09-01,76.9544,78.92508999999998,8.4,2.7266818182,0.7142954671408575,2.830187292572517,88.850266,88.850266,212.0,0.0
DEU,1999-10-01,77.76126,78.83179,8.4,3.3756666667,0.7151340376461368,3.2128459684727995,103.17589,103.17589,201.0,0.0
DEU,1999-11-01,77.66041,79.01838000000002,8.3,3.4676818182,0.9535205674976899,4.477621377574437,138.522,138.522,179.0,0.0
DEU,1999-12-01,77.76126,79.29826,8.2,3.4460454545,1.1904881916531274,4.18919250262646,132.00557,132.00557,160.0,0.0
DEU,2000-01-01,79.15593,79.48484,8.2,3.3431429,1.549467728195153,4.365444981446354,91.346878,91.346878,173.0,0.0
DEU,2000-02-01,80.89562,79.57813,8.1,3.5367619,1.5476231644784733,8.682524516020852,93.599869,93.599869,143.0,0.0
DEU,2000-03-01,80.79897,79.57813,8.1,3.7470435,1.5476231644784733,7.822171216584528,138.70433,138.70433,208.0,0.0
DEU,2000-04-01,81.95876,79.57813,8.0,3.9252778,1.0663525467211166,8.63876850870222,102.07795,102.07795,165.0,0.0
DEU,2000-05-01,83.89175,79.48484,8.0,4.3620455,0.947871752700391,10.462629806354062,54.121853,54.121853,141.0,0.0
DEU,2000-06-01,81.47552,79.85800999999998,8.0,4.5017273,1.3017844704528159,7.281111718854327,186.1951,186.1951,198.0,0.0
DEU,2000-07-01,83.50516,80.23118000000001,7.9,4.5829048,1.2956511814411709,9.084391745787146,83.259506,83.259506,214.0,0.0
DEU,2000-08-01,83.9884,80.04459,7.9,4.777087,1.1792444780902578,8.713039095372244,143.7332,143.7332,124.0,0.0
DEU,2000-09-01,84.08505,80.23118000000001,7.9,4.8528095,1.654847653642233,9.266071855540403,54.441589,54.441589,185.0,0.0
DEU,2000-10-01,83.7951,80.13789,7.8,5.0412727,1.6568189051650473,7.759442169532771,33.852264,33.852264,169.0,0.0
DEU,2000-11-01,84.1817,80.23118000000001,7.8,5.0919545,1.5348327819426189,8.397187189714828,48.438389,48.438389,198.0,0.0
DEU,2000-12-01,84.5683,80.88422,7.7,4.9391579,1.9999934424790755,8.753767621563746,76.505966,76.505966,172.0,0.0
DEU,2001-01-01,84.27835,80.60434000000002,7.7,4.7707273,1.408444679513754,6.471302908070187,73.640762,73.640762,183.0,0.0
DEU,2001-02-01,85.24484,81.0708,7.7,4.7558,1.8757289220040718,5.376335579107994,114.27164,114.27164,202.0,0.0
DEU,2001-03-01,84.1817,81.0708,7.6,4.7086364,1.8757289220040718,4.186600398495188,154.85852,154.85852,212.0,0.0
DEU,2001-04-01,83.11855,81.44396999999998,7.6,4.682,2.344664294071719,1.4150897353742309,92.04081,92.04081,165.0,1.0
DEU,2001-05-01,83.89175,81.72385,7.7,4.6366818,2.816901940042893,0.0,62.484077,62.484077,191.0,1.0
DEU,2001-06-01,83.7951,81.81714000000001,7.7,4.4535714,2.453266741808413,2.8469655670807725,71.919121,71.919121,170.0,1.0
DEU,2001-07-01,81.66882,81.91043,7.8,4.4671364,2.093014212180355,-2.1990736859853977,64.801239,64.801239,186.0,1.0
DEU,2001-08-01,83.89175,81.72385,7.8,4.3535217,2.09790567982171,-0.11507541517637998,118.69941,118.69941,186.0,1.0
DEU,2001-09-01,82.73196,81.72385,7.9,3.98285,1.8604612321543756,-1.609192121548353,52.099377,52.099377,213.0,1.0
DEU,2001-10-01,81.18557,81.63055,8.0,3.5998696,1.8626145509945458,-3.114179707405329,97.92514,97.92514,237.0,1.0
DEU,2001-11-01,80.41237,81.44396999999998,8.0,3.3856818,1.511619298133171,-4.477612117598017,104.77229,104.77229,198.0,1.0
DEU,2001-12-01,81.28222,82.19030999999998,8.1,3.3448889,1.614764907172228,-3.8857113126313236,142.79375,142.79375,165.0,1.0
DEU,2002-01-01,81.08892,82.2836,8.1,3.3387727,2.0833369518316047,-3.7844001454703347,150.85268,150.85268,163.0,1.0
DEU,2002-02-01,81.28222,82.56348,8.2,3.3571,1.8412054648529352,-4.648515968825794,150.90053,150.90053,201.0,1.0
DEU,2002-03-01,81.76546,82.75005999999999,8.2,3.3908,2.0713499805108393,-2.8702675284533408,77.346786,77.346786,179.0,1.0
DEU,2002-04-01,81.95876,82.65676999999998,8.3,3.4069048,1.4891219079816498,-1.3953443605548954,82.440018,82.440018,229.0,1.0
DEU,2002-05-01,81.28222,82.75005999999999,8.4,3.4671364,1.2557044241062965,-3.1105919235205004,69.794769,69.794769,230.0,1.0
DEU,2002-06-01,82.92525,82.75005999999999,8.5,3.464,1.1402500747398125,-1.0380678583831293,106.10561,106.10561,242.0,1.0
DEU,2002-07-01,81.66882,82.84335,8.6,3.41,1.13895141314726,0.0,96.490883,96.490883,181.0,1.0
DEU,2002-08-01,83.40851,82.75005999999999,8.7,3.3519091,1.2557044241062965,-0.5760280361298831,132.019,132.019,216.0,1.0
DEU,2002-09-01,82.63531,82.75005999999999,8.9,3.3101429,1.2557044241062965,-0.11682305121261116,162.85355,162.85355,222.0,1.0
DEU,2002-10-01,81.95876,82.65676999999998,9.0,3.2612609,1.257151887375474,0.952373679214169,82.475136,82.475136,180.0,1.0
DEU,2002-11-01,83.0219,82.37689,9.1,3.1241429,1.1454746127921078,3.245184789355182,98.841248,98.841248,186.0,1.0
DEU,2002-12-01,81.66882,83.12323,9.2,2.94105,1.1350729787976466,0.47562677298922384,165.53111,165.53111,175.0,1.0
DEU,2003-01-01,82.44201,83.12323,9.4,2.8318182,1.0204098994210264,1.6686496749494184,140.53339,140.53339,221.0,1.0
DEU,2003-02-01,82.73196,83.58969,9.5,2.68745,1.242934527469064,1.7835880958960049,133.06403,133.06403,243.0,1.0
DEU,2003-03-01,82.73196,83.68298,9.6,2.5299524,1.1273949529462701,1.1820394577368054,89.771278,89.771278,269.0,1.0
DEU,2003-04-01,82.44201,83.40311,9.7,2.53335,0.9029387429487334,0.5896258069302052,129.35019,129.35019,162.0,1.0
DEU,2003-05-01,81.95876,83.21652,9.7,2.4005238,0.5636974764731351,0.8323345499175572,77.725845,77.725845,220.0,1.0
DEU,2003-06-01,81.47552,83.49639999999998,9.8,2.1518571,0.9019207961903364,-1.7482371171627542,246.48132,246.48132,154.0,1.0
DEU,2003-07-01,83.0219,83.68298,9.8,2.1300435,1.0135152670672998,1.6567889679317105,145.93936,145.93936,143.0,1.0
DEU,2003-08-01,81.37887,83.68298,9.8,2.1404286,1.1273949529462701,-2.4333728057244985,87.682632,87.682632,160.0,1.0
DEU,2003-09-01,80.89562,83.58969,9.8,2.1473182,1.0146578745683144,-2.1052622662152687,102.6412,102.6412,202.0,1.0
DEU,2003-10-01,83.11855,83.58969,9.8,2.1435652,1.1286673795746216,1.4150897353742309,116.49283,116.49283,211.0,1.0
DEU,2003-11-01,83.69846,83.40311,9.8,2.15905,1.2457620092237054,0.8149175097173167,149.48759,149.48759,212.0,1.0
DEU,2003-12-01,84.08505,84.05615,9.8,2.1463333,1.12233367254857,2.958570969924623,95.220428,95.220428,177.0,1.0
DEU,2004-01-01,84.1817,84.05615,9.8,2.0894762,1.12233367254857,2.110198429174659,91.202713,91.202713,155.0,1.0
DEU,2004-02-01,84.375,84.24274,10.1,2.07055,0.7812566358363027,1.985979783387215,149.91647,149.91647,157.0,1.0
DEU,2004-03-01,83.69846,84.52261,10.3,2.0288261,1.0033462001472593,1.1682305121261338,154.30424,154.30424,174.0,1.0
DEU,2004-04-01,84.9549,84.80248,10.3,2.04875,1.6778391117549418,3.0480697886914765,108.94215,108.94215,157.0,1.0
DEU,2004-05-01,85.63145,84.98907,10.3,2.0858571,2.130045813018855,4.481143931411369,80.436028,80.436028,188.0,1.0
DEU,2004-06-01,84.9549,84.98907,10.3,2.1126818,1.7877058172568239,4.270460624246386,102.83199,102.83199,169.0,1.0
DEU,2004-07-01,86.11469,85.17565,10.3,2.1160455,1.7837199392277903,3.7252700793405147,93.117073,93.117073,135.0,1.0
DEU,2004-08-01,85.24484,85.26894,10.4,2.1142727,1.8952001948305375,4.750582061412234,55.44696,55.44696,178.0,1.0
DEU,2004-09-01,85.05154,85.08235999999998,10.4,2.1185909,1.7857106540291934,5.13738568293316,143.99071,143.99071,163.0,1.0
DEU,2004-10-01,86.11469,85.17565,10.5,2.1473333,1.897315326806459,3.6046586471972786,73.402435,73.402435,170.0,1.0
DEU,2004-11-01,84.66495,84.98907,10.6,2.1703182,1.9015597859600275,1.1547285338344482,56.754143,56.754143,178.0,1.0
DEU,2004-12-01,84.7616,85.92199000000002,10.7,2.1731739,2.219754295194365,0.8046020071344584,33.396523,33.396523,155.0,1.0
DEU,2005-01-01,86.59794,85.26894,10.7,2.1454286,1.442833153790657,2.8702675284533186,117.63908,117.63908,134.0,1.0
DEU,2005-02-01,85.63145,85.64211,10.9,2.13835,1.6611164356715058,1.489125925925916,89.91964,89.91964,165.0,1.0
DEU,2005-03-01,86.59794,86.01528,10.9,2.1371905,1.7660008369358327,3.4641975491544352,188.70374,188.70374,142.0,0.0
DEU,2005-04-01,87.17783,85.8287,11.2,2.1372381,1.2101297037539371,2.6166001019364504,113.03068,113.03068,161.0,0.0
DEU,2005-05-01,86.21134,86.01528,11.2,2.1256364,1.2074611476511121,0.6771927837260883,153.90694,153.90694,160.0,0.0
DEU,2005-06-01,87.95103,86.10857,11.2,2.1110455,1.3172282035796012,3.5267300650109634,184.94121,184.94121,113.0,0.0
DEU,2005-07-01,89.11082,86.48174,11.2,2.1194286,1.5334077286172754,3.4792321728151165,89.810799,89.810799,130.0,0.0
DEU,2005-08-01,86.79124,86.57504,11.2,2.1324783,1.5317418042255504,1.8140687459792249,125.12341,125.12341,127.0,0.0
DEU,2005-09-01,88.82088,86.66833000000001,11.1,2.1391364,1.8640409128285018,4.431830393664837,254.13966,254.13966,190.0,0.0
DEU,2005-10-01,90.46392,86.76161999999998,11.0,2.196619,1.861999292051153,5.050508804014742,259.02612,259.02612,129.0,0.0
DEU,2005-11-01,89.59407,86.48174,10.9,2.3608636,1.7563081935124236,5.821913318321226,201.66438,201.66438,178.0,0.0
DEU,2005-12-01,89.59407,87.13478999999998,10.7,2.4728571,1.411512931672032,5.70124915055874,120.994,120.994,129.0,0.0
DEU,2006-01-01,90.56057,86.85491,10.6,2.5116818,1.859962138616944,4.575894068611808,144.15152,144.15152,167.0,0.0
DEU,2006-02-01,90.75387,87.22808,10.5,2.60035,1.8518576901012773,5.981937710969509,70.627296,70.627296,223.0,0.0
DEU,2006-03-01,89.88402,87.22808,10.5,2.7226087,1.4099820404002594,3.7946399186862934,162.29749,162.29749,217.0,0.0
DEU,2006-04-01,91.72036,87.50795999999998,10.3,2.7937778,1.9565250318366534,5.210648165938525,72.351463,72.351463,174.0,0.0
DEU,2006-05-01,92.59021,87.50795999999998,10.2,2.889,1.7353660884438016,7.399107820386486,98.742699,98.742699,215.0,0.0
DEU,2006-06-01,92.30025,87.69454,10.1,2.9856818,1.8418259645933022,4.945047260958746,82.508598,82.508598,233.0,0.0
DEU,2006-07-01,93.84665,88.06770999999999,10.0,3.1021905,1.8338784580421041,5.314539805603835,50.141785,50.141785,189.0,0.0
DEU,2006-08-01,94.3299,87.88113,9.9,3.2264783,1.508621884552408,8.68596876827661,37.662544,37.662544,180.0,0.0
DEU,2006-09-01,94.03995,87.60124999999998,9.8,3.335381,1.0764254947568164,5.875949438915717,115.11504,115.11504,201.0,0.0
DEU,2006-10-01,93.65335,87.69454,9.7,3.502,1.0752680736021647,3.525637624370037,82.050621,82.050621,199.0,0.0
DEU,2006-11-01,95.29639,87.69454,9.6,3.5971818,1.4023769642007577,6.364617658289218,47.876858,47.876858,197.0,0.0
DEU,2006-12-01,96.16624,88.34758999999998,9.4,3.6842105,1.391866555253074,7.3354966461508075,32.481384,32.481384,158.0,0.0
DEU,2007-01-01,95.87629,88.34758999999998,9.2,3.7518636,1.7185902328377134,5.869795209990403,138.7659,138.7659,176.0,0.0
DEU,2007-02-01,96.74613,88.72074999999998,9.1,3.8182,1.711226476611638,6.602759750080067,96.550514,96.550514,180.0,0.0
DEU,2007-03-01,97.22938,88.90733,8.9,3.8909091,1.925125487113788,8.172042149427682,163.52791,163.52791,220.0,0.0
DEU,2007-04-01,96.45618,89.37379,8.7,3.9752632,2.132183175107749,5.163324696937521,66.247856,66.247856,158.0,0.0
DEU,2007-05-01,98.19588,89.37379,8.6,4.0713636,2.132183175107749,6.054279388717232,106.68034,106.68034,188.0,0.0
DEU,2007-06-01,98.38918,89.37379,8.5,4.1477619,1.9148854649331692,6.596872706195267,112.52234,112.52234,203.0,0.0
DEU,2007-07-01,99.06572,89.84026,8.5,4.2161818,2.0127127184299543,5.561274696539509,90.844254,90.844254,176.0,0.0
DEU,2007-08-01,99.25902,89.74696,8.4,4.5436087,2.1231292770131693,5.225405730314581,94.105553,94.105553,187.0,0.0
DEU,2007-09-01,100.1289,89.93354999999998,8.4,4.7417,2.6624049314364795,6.474854569786559,50.472912,50.472912,201.0,0.0
DEU,2007-10-01,100.3222,90.12013,8.3,4.6873913,2.765953273715782,7.120781050544367,105.41748,105.41748,153.0,0.0
DEU,2007-11-01,100.0322,90.58659,8.2,4.6385455,3.2978678034002895,4.969558657993245,51.636242,51.636242,163.0,0.0
DEU,2007-12-01,100.9021,91.14635,8.1,4.8483684,3.167896260667691,4.9246596310722035,118.81976,118.81976,131.0,0.0
DEU,2008-01-01,101.7719,90.86647,8.0,4.4815455,2.851102107029768,6.14918453769957,73.141449,73.141449,151.0,0.0
DEU,2008-02-01,101.3853,91.23964,7.9,4.3620952,2.839121626000707,4.795199559920382,159.02708,159.02708,207.0,1.0
DEU,2008-03-01,101.2887,91.7061,7.8,4.5963684,3.1479631656917473,4.174993196500898,42.309986,42.309986,150.0,1.0
DEU,2008-04-01,101.8686,91.51952,7.7,4.7835,2.4008492870225107,5.6112734300694855,73.938065,73.938065,147.0,1.0
DEU,2008-05-01,99.54897,92.07927,7.5,4.857381,3.0271514724842685,1.3779498691798509,66.798836,66.798836,175.0,1.0
DEU,2008-06-01,100.6121,92.26585,7.4,4.9405238,3.235915137983958,2.2593134732904696,63.619129,63.619129,136.0,1.0
DEU,2008-07-01,99.06572,92.82561,7.3,4.961,3.322953428674391,0.0,23.509954,23.509954,155.0,1.0
DEU,2008-08-01,100.6121,92.54573,7.1,4.9651905,3.118512315068944,1.3631808978166404,105.78653,105.78653,117.0,1.0
DEU,2008-09-01,98.67912,92.45244,7.0,5.0191818,2.800834616225001,-1.4479136393189207,83.282143,83.282143,125.0,1.0
DEU,2008-10-01,96.64948,92.26585,7.0,5.113087,2.380955287126185,-3.660924501256946,128.78763,128.78763,130.0,1.0
DEU,2008-11-01,92.3969,91.79939,7.0,4.2383,1.3388295110788428,-7.632842224803616,161.60736,161.60736,178.0,1.0
DEU,2008-12-01,89.01418,92.17256,7.1,3.292619,1.1258925892260185,-11.781637845000258,148.71234,148.71234,99.0,1.0
DEU,2009-01-01,82.82861,91.7061,7.1,2.4565238,0.9240262112085951,-18.61347778709055,105.93169,105.93169,132.0,1.0
DEU,2009-02-01,80.12242,92.26585,7.2,1.94305,1.1247413952970575,-20.972350034965615,104.42345,104.42345,120.0,1.0
DEU,2009-03-01,80.21907,92.07927,7.3,1.6354545,0.40691949608584466,-20.801560292510423,85.641998,85.641998,133.0,1.0
DEU,2009-04-01,77.80283,92.17256,7.4,1.4223,0.713552693458186,-23.624325847218863,143.91867,143.91867,119.0,1.0
DEU,2009-05-01,81.18557,92.07927,7.5,1.2817,0.0,-18.44659969862069,138.22401,138.22401,115.0,1.0
DEU,2009-06-01,82.53866,92.35915,7.5,1.2279091,0.1011208372328376,-17.963485505222543,234.08998,234.08998,93.0,1.0
DEU,2009-07-01,81.57217,92.35915,7.6,0.9749565,-0.50251218386822,-17.65853011515992,174.32326,174.32326,99.0,0.0
DEU,2009-08-01,82.73196,92.54573,7.5,0.8604762,0.0,-17.77136149628126,103.59976,103.59976,111.0,0.0
DEU,2009-09-01,86.01804,92.26585,7.5,0.7720909,-0.20182268850881258,-12.830556251413672,144.36221,144.36221,103.0,0.0
DEU,2009-10-01,84.375,92.26585,7.4,0.7375,0.0,-12.699995902719808,134.38533,134.38533,123.0,0.0
DEU,2009-11-01,84.85825,92.17256,7.2,0.7161905,0.4065059691573225,-8.158985853421497,130.40434,130.40434,149.0,0.0
DEU,2009-12-01,85.24484,92.91889,7.2,0.7120455,0.8097095274341992,-4.234538811681466,130.49329,130.49329,69.0,0.0
DEU,2010-01-01,86.40464,92.35915,7.1,0.67975,0.7121118442502627,4.3173850194998975,125.44554,125.44554,83.0,0.0
DEU,2010-02-01,85.53479,92.73232,7.0,0.6617,0.5055716714255531,6.755125469250678,88.000168,88.000168,112.0,0.0
DEU,2010-03-01,87.56443,93.19877,6.9,0.6449565,1.2158002555841207,9.15662572503022,119.94394,119.94394,123.0,0.0
DEU,2010-04-01,89.30412,93.29206,6.8,0.6447,1.2145697157592172,14.782611378017997,189.63176,189.63176,107.0,0.0
DEU,2010-05-01,92.20361,93.19877,6.7,0.6865238,1.2158002555841207,13.571426547845888,252.91225,252.91225,136.0,0.0
DEU,2010-06-01,91.23711,93.19877,6.6,0.7275909,0.9090815582430078,10.538637288271957,183.48123,183.48123,129.0,0.0
DEU,2010-07-01,91.23711,93.38535,6.5,0.8488182,1.111097276230888,11.848330135142904,90.9086,90.9086,150.0,0.0
DEU,2010-08-01,92.3969,93.47865,6.4,0.8955,1.008063797216785,11.68223259789809,246.79399,246.79399,100.0,0.0
DEU,2010-09-01,93.5567,93.38535,6.4,0.8805,1.213341664331935,8.764045309565294,177.11235,177.11235,93.0,0.0
DEU,2010-10-01,95.58634,93.47865,6.3,0.9976667,1.3144625015647726,13.287514074074092,125.58305,125.58305,118.0,0.0
DEU,2010-11-01,95.00645,93.57194,6.2,1.0420455,1.5182175693069455,11.959002218405402,191.38129,191.38129,130.0,0.0
DEU,2010-12-01,96.84278,94.13169,6.1,1.0216957,1.3052243736445757,13.605445209352274,161.94669,161.94669,93.0,0.0
DEU,2011-01-01,96.16624,93.94511,6.0,1.0172381,1.7171660847896453,11.297541428330703,169.45341,169.45341,102.0,0.0
DEU,2011-02-01,97.13273,94.50486,5.9,1.08675,1.9114587017773133,13.559324808069317,209.5939,209.5939,85.0,0.0
DEU,2011-03-01,97.51933,95.06461,5.7,1.1755217,2.002000670180526,11.368657341799636,348.12701,348.12701,79.0,0.0
DEU,2011-04-01,97.71263,95.06461,5.6,1.3212105,1.9000009218362202,9.415590232567105,114.87734,114.87734,89.0,0.0
DEU,2011-05-01,98.67912,95.06461,5.6,1.4250909,2.002000670180526,7.023054737227752,198.93677,198.93677,75.0,0.0
DEU,2011-06-01,97.13273,95.15791,5.5,1.4885909,2.102109287493814,6.461866229651503,133.78139,133.78139,105.0,0.0
DEU,2011-07-01,100.2255,95.34449,5.5,1.597619,2.097909361586159,9.851682062266098,162.77652,162.77652,102.0,1.0
DEU,2011-08-01,99.45232,95.43778,5.4,1.552087,2.0958047639755284,7.635992116618628,400.31393,400.31393,100.0,1.0
DEU,2011-09-01,97.90593,95.62437000000001,5.4,1.5364545,2.3976137584749813,4.648763797782518,422.72009,422.72009,121.0,1.0
DEU,2011-10-01,99.06572,95.62437000000001,5.3,1.5758571,2.295411840029793,3.6400389428029145,336.14279,336.14279,113.0,1.0
DEU,2011-11-01,98.38918,95.81095,5.2,1.4846818,2.39282203617881,3.5605266800306623,387.25998,387.25998,112.0,1.0
DEU,2011-12-01,97.32603,95.99754,5.2,1.4260952,1.9821698728663906,0.4990046754130839,303.42786,303.42786,92.0,1.0
DEU,2012-01-01,97.71263,95.90424,5.1,1.2222273,2.0853985907302697,1.6080383302913726,352.28693,352.28693,95.0,1.0
DEU,2012-02-01,98.09923,96.55729,5.1,1.0482857,2.1717719067569696,0.9950302024868574,191.93005,191.93005,87.0,1.0
DEU,2012-03-01,98.87242,97.11703,5.1,0.8584545,2.1589737758351824,1.3875095327254616,384.82785,384.82785,85.0,1.0
DEU,2012-04-01,97.42268,96.93046,5.1,0.7443158,1.9627177768887893,-0.2967374841921666,248.545,248.545,72.0,1.0
DEU,2012-05-01,99.06572,96.93046,5.1,0.6849091,1.9627177768887893,0.3917748759818762,387.32388,387.32388,118.0,1.0
DEU,2012-06-01,98.00258,96.74387,5.1,0.6588571,1.6666612370952683,0.8955271822381539,365.68918,365.68918,132.0,1.0
DEU,2012-07-01,98.77577,97.11703,5.1,0.4970455,1.8590901267603543,-1.4464682141770324,444.64575,444.64575,103.0,1.0
DEU,2012-08-01,98.96907,97.4902,5.0,0.3323913,2.1505320010587026,-0.4859112386719544,336.9928,336.9928,117.0,1.0
DEU,2012-09-01,97.71263,97.5835,5.0,0.2463,2.048776896517057,-0.19743441485106095,321.55243,321.55243,116.0,1.0
DEU,2012-10-01,96.35954,97.5835,5.0,0.207913,2.048776896517057,-2.731701743044923,296.36203,296.36203,113.0,1.0
DEU,2012-11-01,95.68299,97.67679,5.0,0.192,1.9474183274458712,-2.750495532130659,345.88095,345.88095,106.0,1.0
DEU,2012-12-01,96.16624,97.95667,5.0,0.1854737,2.0408127124924347,-1.1916544833894926,301.19208,301.19208,79.0,1.0
DEU,2013-01-01,95.29639,97.4902,5.1,0.2049091,1.6536912236622792,-2.4728021341765105,293.96777,293.96777,90.0,1.0
DEU,2013-02-01,95.97294,98.04996000000001,5.1,0.22335,1.545890527789262,-2.167488980290677,230.07845,230.07845,84.0,1.0
DEU,2013-03-01,97.71263,98.51642,5.0,0.20605,1.4409316265128647,-1.1730167017253157,74.981102,74.981102,71.0,1.0
DEU,2013-04-01,97.61598,98.04996000000001,5.0,0.2089048,1.1549517045519098,0.19841375745359713,226.31192,226.31192,71.0,1.0
DEU,2013-05-01,96.84278,98.42313,5.0,0.2012273,1.539939044960681,-2.2439043495570354,177.7466,177.7466,82.0,1.0
DEU,2013-06-01,98.58247,98.51642,4.9,0.21025,1.8322091105100524,0.5917089121531438,298.18246,298.18246,85.0,1.0
DEU,2013-07-01,97.03608,98.98288,4.9,0.2214348,1.921238736398756,-1.7612517725754007,344.99463,344.99463,43.0,1.0
DEU,2013-08-01,98.96907,98.98288,4.9,0.2258636,1.531107742111515,0.0,248.22433,248.22433,52.0,1.0
DEU,2013-09-01,98.67912,98.98288,4.9,0.2232381,1.4340334175347191,0.9891147132156775,460.62448,460.62448,78.0,1.0
DEU,2013-10-01,98.00258,98.7963,4.8,0.2258261,1.242833060917059,1.7051139928646375,176.23448,176.23448,54.0,1.0
DEU,2013-11-01,99.64562,98.98288,4.8,0.223381,1.3371549167412233,4.141415313212926,226.32257,226.32257,50.0,1.0
DEU,2013-12-01,99.83892,99.35605,4.8,0.2735,1.4285704077118933,3.819094933939393,112.51398,112.51398,64.0,1.0
DEU,2014-01-01,99.16237,98.7963,4.8,0.2920455,1.3397244030681987,4.056795855540796,35.879829,35.879829,63.0,1.0
DEU,2014-02-01,99.16237,99.26276,4.8,0.2881,1.2369204434147463,3.3232596604834574,117.14881,117.14881,90.0,1.0
DEU,2014-03-01,99.45232,99.54263,4.8,0.3053333,1.0416639175479636,1.7804146710614477,234.51328,234.51328,64.0,1.0
DEU,2014-04-01,99.06572,99.35605,4.8,0.32975,1.3320658162430554,1.4851461820083234,261.04135,261.04135,71.0,1.0
DEU,2014-05-01,98.58247,99.26276,4.7,0.3245714,0.8530819940394174,1.796406505472059,62.420193,62.420193,71.0,1.0
DEU,2014-06-01,98.67912,99.54263,4.7,0.2414286,1.0416639175479636,0.0980397427656321,83.289452,83.289452,116.0,1.0
DEU,2014-07-01,100.3222,99.82251,4.7,0.2050435,0.8482577997326324,3.386492941594499,146.51564,146.51564,137.0,1.0
DEU,2014-08-01,96.74613,99.82251,4.7,0.1915714,0.8482577997326324,-2.2460956741333526,277.38275,277.38275,76.0,1.0
DEU,2014-09-01,99.16237,99.82251,4.7,0.0970909,0.8482577997326324,0.4897185949773286,288.03619,288.03619,83.0,1.0
DEU,2014-10-01,99.45232,99.54263,4.7,0.0826087,0.7554230269757101,1.4792875861023402,301.54865,301.54865,87.0,1.0
DEU,2014-11-01,99.35567,99.54263,4.6,0.0809,0.5655018322360483,-0.29098117910248966,154.02959,154.02959,84.0,1.0
DEU,2014-12-01,100.9987,99.54263,4.6,0.0809048,0.18778926899771786,1.1616511877331925,164.4787,164.4787,80.0,1.0
DEU,2015-01-01,98.58247,98.51642,4.5,0.0626667,-0.28328996126373296,-0.5847984472335588,162.68904,162.68904,91.0,1.0
DEU,2015-02-01,99.64562,99.21654,4.5,0.0482,-0.04656328314869285,0.4873320393613101,228.18126,228.18126,94.0,1.0
DEU,2015-03-01,99.64562,99.71662,4.5,0.0271818,0.17478943443629547,0.19436449546876844,83.068192,83.068192,89.0,1.0
DEU,2015-04-01,100.4188,100.2167,4.4,0.0047,0.8662280756934315,1.3658407772133563,58.304726,58.304726,61.0,1.0
DEU,2015-05-01,100.6121,100.4167,4.4,-0.0103684,1.1625104923538299,2.0588143104955714,161.53954,161.53954,88.0,1.0
DEU,2015-06-01,100.5155,100.4167,4.4,-0.0139091,0.8780861024065834,1.860961062482125,33.316986,33.316986,106.0,0.0
DEU,2015-07-01,101.9652,100.6168,4.3,-0.0187391,0.7957022919980794,1.6377232556702204,153.34232,153.34232,82.0,0.0
DEU,2015-08-01,99.45232,100.6168,4.3,-0.0276667,0.7957022919980794,2.7972074955349813,162.7516,162.7516,65.0,0.0
DEU,2015-09-01,99.64562,100.4167,4.3,-0.0370455,0.5952465030182097,0.4873320393613101,127.14257,127.14257,114.0,0.0
DEU,2015-10-01,100.5155,100.4167,4.2,-0.0535909,0.8780861024065834,1.069034890287135,56.580643,56.580643,100.0,0.0
DEU,2015-11-01,99.25902,99.71662,4.2,-0.087619,0.17478943443629547,-0.09727678349911173,75.664223,75.664223,83.0,0.0
DEU,2015-12-01,99.74227,99.71662,4.2,-0.1263182,0.17478943443629547,-1.244006110969742,71.759659,71.759659,59.0,0.0
DEU,2016-01-01,101.2887,99.0165,4.1,-0.14615,0.5076108124919543,2.745143228811364,226.55833,226.55833,168.0,0.0
DEU,2016-02-01,101.0954,99.31655,4.1,-0.1835714,0.10079972552965444,1.4549360022046098,246.47862,246.47862,175.0,0.0
DEU,2016-03-01,100.3222,100.0167,4.0,-0.2285238,0.30093278332137263,0.6789861912646078,109.58199,109.58199,144.0,0.0
DEU,2016-04-01,100.9987,100.1167,4.0,-0.2491905,-0.09978376857351368,0.5774815074468087,171.65149,171.65149,134.0,0.0
DEU,2016-05-01,99.35567,100.6168,4.0,-0.2571818,0.19926964339596065,-1.2487861797934818,83.400871,83.400871,118.0,0.0
DEU,2016-06-01,101.192,100.7168,4.0,-0.2679091,0.2988546725793517,0.6730305276300586,252.99942,252.99942,200.0,0.0
DEU,2016-07-01,99.93557,101.1169,3.9,-0.2945238,0.4970342924839555,-1.9905124493454607,197.5345,197.5345,186.0,0.0
DEU,2016-08-01,101.482,101.0168,3.9,-0.2982174,0.39754792440229725,2.0408573676310438,149.4761,149.4761,130.0,0.0
DEU,2016-09-01,101.192,101.0168,3.8,-0.3016364,0.5976097601295471,1.5518795507519556,219.00139,219.00139,157.0,0.0
DEU,2016-10-01,101.8686,101.2169,3.7,-0.309,0.7968794035255078,1.346160542403907,136.59451,136.59451,167.0,0.0
DEU,2016-11-01,101.6753,100.5168,3.7,-0.3126818,0.8024539941285491,2.4343178080943995,138.85638,138.85638,162.0,0.0
DEU,2016-12-01,99.35567,101.2169,3.7,-0.3157619,1.5045435755844716,-0.38759895879650896,81.749413,81.749413,288.0,0.0
DEU,2017-01-01,101.0954,100.6168,3.7,-0.3255455,1.6161952805845425,-0.190840636714662,93.854019,93.854019,125.0,0.0
DEU,2017-02-01,101.8686,101.2169,3.6,-0.3286,1.9134273190117845,0.7648221382970943,301.15012,301.15012,135.0,0.0
DEU,2017-03-01,101.3853,101.4169,3.6,-0.3293478,1.3999662056436657,1.0596856926981424,105.94139,105.94139,189.0,0.0
DEU,2017-04-01,103.3183,101.817,3.6,-0.3303889,1.6983180628206807,2.296663224378137,216.00838,216.00838,111.0,0.0
DEU,2017-05-01,103.6082,101.817,3.6,-0.3294545,1.1928425471690485,4.280108020005291,195.42712,195.42712,138.0,0.0
DEU,2017-06-01,103.4149,102.117,3.5,-0.33,1.390234796975287,2.19671515534825,232.71904,232.71904,195.0,0.0
DEU,2017-07-01,103.8982,102.5171,3.5,-0.3304286,1.3847339069927855,3.9651847685463704,156.4512,156.4512,142.0,0.0
DEU,2017-08-01,106.3144,102.6171,3.5,-0.329087,1.5841919363907664,4.76182968408192,195.16974,195.16974,111.0,0.0
DEU,2017-09-01,105.2513,102.7171,3.4,-0.329381,1.6831853711461786,4.011483121195369,173.61298,173.61298,158.0,0.0
DEU,2017-10-01,103.7049,102.5171,3.4,-0.3295455,1.2845680909018276,1.8026163116014127,250.33514,250.33514,99.0,0.0
DEU,2017-11-01,107.3776,102.117,3.4,-0.329,1.5919726851630678,5.608343422640516,258.8407,258.8407,126.0,1.0
DEU,2017-12-01,106.6044,102.6171,3.4,-0.3278947,1.3833658213203481,7.295738632732274,421.76834,421.76834,105.0,1.0
DEU,2018-01-01,105.9278,102.017,3.3,-0.3284545,1.3916165093702082,4.780039447887852,146.23198,146.23198,122.0,1.0
DEU,2018-02-01,104.1881,102.3171,3.3,-0.3285,1.086972630064742,2.276952858878989,204.06651,204.06651,111.0,1.0
DEU,2018-03-01,105.8312,102.9172,3.3,-0.3279048,1.4793392422761897,4.385152482657739,107.71419,107.71419,108.0,1.0
DEU,2018-04-01,105.1546,103.1172,3.2,-0.32845,1.27699696514334,1.7773230879718493,195.78189,195.78189,125.0,1.0
DEU,2018-05-01,106.701,103.9173,3.2,-0.3252273,2.062818586287163,2.9850919135744114,207.25066,207.25066,99.0,1.0
DEU,2018-06-01,106.4111,104.0173,3.2,-0.3220476,1.8609046485893677,2.897261419776065,125.95561,125.95561,171.0,1.0
DEU,2018-07-01,104.5747,104.4174,3.2,-0.3207273,1.853641977777376,0.6511181136920507,211.80066,211.80066,112.0,1.0
DEU,2018-08-01,106.0245,104.5174,3.2,-0.319,1.85183561024429,-0.2726817815836835,182.73106,182.73106,99.0,1.0
DEU,2018-09-01,104.768,104.7175,3.1,-0.31885,1.9474848881052997,-0.45918672738484156,206.28946,206.28946,117.0,1.0
DEU,2018-10-01,104.4781,104.9175,3.1,-0.3176957,2.341463033971891,0.7455771135211675,220.66272,220.66272,135.0,1.0
DEU,2018-11-01,102.5451,104.2174,3.1,-0.3163636,2.0568563510483084,-4.500473096809754,269.34277,269.34277,80.0,1.0
DEU,2018-12-01,103.7049,104.2174,3.1,-0.3118947,1.559486674248256,-2.7198689735132953,142.71965,142.71965,69.0,1.0
DEU,2019-01-01,103.4149,103.4172,3.0,-0.308,1.3725163453149891,-2.3722762107775353,348.60492,348.60492,110.0,1.0
DEU,2019-02-01,102.8351,103.8173,3.0,-0.30845,1.4662260756022283,-1.2986127974308093,207.20636,207.20636,121.0,1.0
DEU,2019-03-01,103.8982,104.2174,3.0,-0.3091905,1.2633456798280651,-1.8264935104203572,227.69821,227.69821,117.0,1.0
DEU,2019-04-01,102.4485,105.2175,2.9,-0.31045,2.0368086022506393,-2.5734489979515884,70.679504,70.679504,91.0,1.0
DEU,2019-05-01,102.8351,105.4176,2.9,-0.3118636,1.443744208134734,-3.6231150598401096,291.29434,291.29434,102.0,1.0
DEU,2019-06-01,101.5786,105.7176,2.9,-0.3289,1.634631931419106,-4.541349539662698,254.24515,254.24515,116.0,1.0
DEU,2019-07-01,101.192,106.2177,2.9,-0.3648696,1.724137931034475,-3.234721208858371,248.76466,248.76466,81.0,1.0
DEU,2019-08-01,101.5786,106.0177,2.9,-0.4076818,1.4354547663834039,-4.19327608241492,244.90196,244.90196,118.0,1.0
DEU,2019-09-01,100.6121,106.0177,2.9,-0.4175714,1.2416262802301459,-3.966764660965183,253.22704,253.22704,109.0,1.0
DEU,2019-10-01,100.0322,106.1177,2.9,-0.4128696,1.1439464341029826,-4.25534155004732,392.40619,392.40619,84.0,1.0
DEU,2019-11-01,100.3222,105.3176,3.0,-0.4012857,1.055677842663516,-2.1677291260138287,199.99074,199.99074,156.0,1.0
DEU,2019-12-01,98.00258,105.8176,3.1,-0.3947,1.5354441772678973,-5.498602283980791,193.54868,193.54868,99.0,1.0
DEU,2020-01-01,100.9987,105.2175,3.2,-0.3911364,1.740812940207248,-2.336413804973947,162.36748,162.36748,132.0,1.0
DEU,2020-02-01,101.5786,105.5338,3.3,-0.40885,1.6533853220994876,-1.221859073409759,203.26428,203.26428,112.0,1.0
DEU,2020-03-01,91.23711,105.7447,3.4,-0.4166364,1.465494245682586,-12.186053271375252,313.04486,313.04486,62.0,1.0
DEU,2020-04-01,71.71392,105.8501,3.5,-0.25405,0.6012307838525022,-30.000029283005603,423.64801,423.64801,57.0,1.0
DEU,2020-05-01,79.73582,105.8501,3.7,-0.27195,0.41027304738487924,-22.462447160551203,290.86276,290.86276,91.0,1.0
DEU,2020-06-01,89.01418,105.9555,3.8,-0.376,0.22503348543667645,-12.369160433398374,170.46643,170.46643,111.0,0.0
DEU,2020-07-01,90.94717,105.1121,3.8,-0.4441304,-1.040881133747007,-10.124150130445086,345.70197,345.70197,98.0,0.0
DEU,2020-08-01,90.85052,105.1121,3.9,-0.4797143,-0.8541969878614664,-10.561358396355125,323.06757,323.06757,115.0,0.0
DEU,2020-09-01,93.1701,105.1121,3.8,-0.4913636,-0.8541969878614664,-7.396724648426966,198.57301,198.57301,121.0,0.0
DEU,2020-10-01,96.74613,105.323,3.8,-0.5091364,-0.7488854357001751,-3.285012226063222,175.36476,175.36476,127.0,0.0
DEU,2020-11-01,97.90593,105.1121,3.8,-0.5208571,-0.19512408182488228,-2.4085097814840584,131.32729,131.32729,81.0,0.0
DEU,2020-12-01,97.80928,105.2175,3.8,-0.5380909,-0.5671079291157621,-0.19723970532203872,151.51151,151.51151,76.0,0.0
DEU,2021-01-01,98.38918,106.4827,3.9,-0.54715,1.2024615677049821,-2.5837164240727906,156.49287,156.49287,82.0,0.0
DEU,2021-02-01,96.64948,107.1152,3.9,-0.5411,1.4984772651037037,-4.852518148507656,99.125488,99.125488,111.0,0.0
DEU,2021-03-01,98.19588,107.6424,3.9,-0.539087,1.7946053088239822,7.627126725079303,166.95978,166.95978,114.0,0.0
DEU,2021-04-01,98.19588,107.9587,3.8,-0.53815,1.9920623598844056,36.92722417070493,176.34778,176.34778,86.0,0.0
DEU,2021-05-01,96.64948,108.1695,3.7,-0.5400952,2.191211911939628,21.21212273229269,134.12291,134.12291,93.0,0.0
DEU,2021-06-01,95.1031,108.4858,3.6,-0.5429091,2.388078013883188,6.840393294641367,233.26569,233.26569,107.0,0.0
DEU,2021-07-01,96.64948,109.013,3.5,-0.5448182,3.7111807299064603,6.269914720820879,238.34894,238.34894,128.0,0.0
DEU,2021-08-01,91.81701,109.1184,3.4,-0.5475909,3.8114546279638617,1.0638244007849407,401.45453,401.45453,92.0,0.0
DEU,2021-09-01,92.10696,109.4347,3.4,-0.5450455,4.112371458661768,-1.1410742287493614,331.47568,331.47568,108.0,0.0
DEU,2021-10-01,95.58634,109.9618,3.4,-0.5498095,4.404356123543773,-1.1987973058973922,286.32553,286.32553,86.0,0.0
DEU,2021-11-01,96.16624,110.1727,3.4,-0.5673636,4.814479018114959,-1.7768995197737225,441.56204,441.56204,101.0,0.0
DEU,2021-12-01,97.22938,110.3835,3.4,-0.5819565,4.909829638605734,-0.59288852755075,155.7597,155.7597,106.0,0.0
DEU,2022-01-01,97.03608,110.9107,3.3,-0.5601429,4.158421978405902,-1.375252847924946,179.52983,179.52983,104.0,0.0
DEU,2022-02-01,97.61598,111.7541,3.2,-0.5315,4.330757912975924,1.0000053802669218,240.04547,240.04547,150.0,0.0
DEU,2022-03-01,92.68686,113.9681,3.2,-0.4954348,5.876587664340449,-5.610235378510797,189.46724,189.46724,99.0,0.0
DEU,2022-04-01,94.42654,114.7061,3.1,-0.4478947,6.249982632247342,-3.838592820798592,382.93961,382.93961,93.0,0.0
DEU,2022-05-01,94.81314,115.7604,3.1,-0.3857273,7.017597381886764,-1.899999875839986,105.98654,105.98654,88.0,0.0
DEU,2022-06-01,95.68299,115.7604,3.1,-0.2392273,6.705578057220407,0.6097487884201502,205.4727,205.4727,115.0,0.0
DEU,2022-07-01,95.58634,116.2875,3.1,0.036619,6.673057341784916,-1.0999955716264442,327.09521,327.09521,103.0,0.0
DEU,2022-08-01,94.52319,116.7092,3.1,0.3947391,6.956480300297652,2.9473623678226923,179.42079,179.42079,78.0,0.0
DEU,2022-09-01,96.45618,118.8178,3.2,1.0108636,8.57415426733934,4.721923294396002,136.07732,136.07732,120.0,0.0
DEU,2022-10-01,95.39304,119.6612,3.1,1.4276667,8.820699552026245,-0.20222554812748816,125.93762,125.93762,102.0,
DEU,2022-11-01,96.35954,119.8721,3.1,1.8252273,8.803814375067498,0.20100609111888268,239.84393,239.84393,112.0,
DEU,2022-12-01,94.23325,119.3449,3.1,2.0634762,8.118423496265281,-3.0815068449474903,48.013657,48.013657,92.0,
DEU,2023-01-01,96.06959,120.5047,3.0,2.3448636,8.650202370014792,-0.996010968291372,136.2863,136.2863,130.0,
DEU,2023-02-01,97.90593,121.4535,3.0,2.64035,8.679234139955504,0.29703128524654066,109.13902,109.13902,81.0,
DEU,2023-03-01,95.68299,122.4024,3.0,2.9105652,7.400579635880566,3.232529400607609,259.09998,259.09998,106.0,
DEU,2023-04-01,95.39304,122.9295,3.0,3.1794444,7.169104345802002,1.0235469816007203,221.05016,221.05016,73.0,
DEU,2023-05-01,95.29639,122.8241,3.0,3.3717273,6.102000338630487,0.5096867375133929,111.77929,111.77929,111.0,
DEU,2023-06-01,93.9433,123.1404,3.0,3.5358636,6.375237127722433,-1.8181810580961244,188.90239,188.90239,98.0,
DEU,2023-07-01,92.88016,123.4566,3.0,3.6718095,6.164979039019669,-2.831136750292984,168.72664,168.72664,75.0,
DEU,2023-08-01,92.78351,123.8784,3.1,3.7803043,6.142789086036071,-1.8404795690877496,207.36528,207.36528,81.0,
DEU,2023-09-01,91.72036,124.1946,3.1,3.8800476,4.525247900567075,-4.9098150061509855,106.89211,106.89211,106.0,
DEU,2023-10-01,91.72036,124.1946,3.1,3.9676364,3.788529615280467,-3.850050276204642,183.96655,183.96655,72.0,
DEU,2023-11-01,91.81701,123.6675,3.2,3.9716364,3.1662079833422396,-4.714146622119619,228.02975,228.02975,92.0,
DEU,2023-12-01,90.17397,123.7729,3.2,3.9348947,3.7102548998742435,-4.307693940302393,168.41554,168.41554,68.0,
DEU,2024-01-01,91.04382,123.9838,3.2,3.9252727,2.887107307847736,-5.231384874235445,110.08096,110.08096,77.0,
DEU,2024-02-01,92.10696,124.5109,3.2,3.9231905,2.517342028018965,-5.923001803874395,212.15465,212.15465,71.0,
DEU,2024-03-01,91.43041,125.0381,3.3,3.9231,2.1533074514878736,-4.444447231425364,163.01451,163.01451,76.0,
DEU,2024-04-01,,125.6706,3.4,3.8853333,2.2298146498602733,,116.64275,116.64275,86.0,
DEU,2024-05-01,,125.7761,3.4,3.8126818,2.403437110469353,,206.49753,206.49753,77.0,
DEU,2024-06-01,,125.8815,3.4,3.7245,2.225995692721483,,142.91211,142.91211,119.0,
DEU,2024-07-01,,126.3032,3.4,3.6848261,2.305749550854319,,225.97737,225.97737,110.0,
DEU,2024-08-01,,126.1978,3.4,3.5475909,1.8723199524695255,,233.28841,233.28841,128.0,
DEU,2024-09-01,,126.1978,3.4,3.4337143,1.6129525760379293,,265.63974,265.63974,76.0,
DEU,2024-10-01,,126.7249,3.4,3.1666087,2.037367164111825,,414.25369,414.25369,68.0,
DEU,2024-11-01,,126.4086,3.4,3.0067619,2.2165079750136485,,317.96469,317.96469,92.0,
DEU,2024-12-01,,127.0412,3.5,2.8246,2.640561867743263,,302.26517,302.26517,77.0,
DEU,2025-01-01,,126.8304,3.5,2.7042727,2.295945115410225,,298.09506,298.09506,64.0,
DEU,2025-02-01,,127.3575,3.6,2.52495,2.286225543305842,,242.03006,242.03006,63.0,
DEU,2025-03-01,,127.7792,3.6,2.4424286,2.192211813839151,,313.60843,313.60843,62.0,
DEU,2025-04-01,,,3.7,2.2494,,,225.06363,225.06363,32.0,
DEU,2025-05-01,,,3.7,2.0872381,,,215.79349,215.79349,79.0,
DEU,2025-06-01,,,3.8,1.983619,,,164.77362,164.77362,37.0,
DEU,2025-07-01,,,3.8,1.9863478,,,302.15451,302.15451,59.0,
DEU,2025-08-01,,,3.8,2.0210952,,,37.662544,37.662544,35.0,
DEU,2025-09-01,,,3.8,2.0272727,,,141.23138,141.23138,46.0,
DEU,2025-10-01,,,3.9,2.0344348,,,157.34596,157.34596,52.0,
DEU,2025-11-01,,,3.9,2.04165,,,131.81889,131.81889,57.0,
DEU,2025-12-01,,,4.0,2.0484286,,,485.55725,485.55725,33.0,
DEU,2026-01-01,,,4.0,2.0277273,,,233.92715,233.92715,33.0,
DEU,2026-02-01,,,,2.0113,,,237.88741,237.88741,51.0,
DEU,2026-03-01,,,,2.1094091,,,131.81889,131.81889,32.0,
