country,date,gdp_real,gdp_yoy,gdp_qoq_ann,ip,ip_yoy,cpi_yoy,unemp,rate3m,epu_adjusted,nb_articles,rec_q
DEU,1991-01-01,517761.7,,,76.28201666666666,6.526222063922238,2.842504635681024,5.233333333333333,9.173333333333334,125.11440800000001,119.0,1.0
DEU,1991-04-01,515275.6,,-1.9068627533719518,75.30705999999999,4.71837115804199,3.298892037196422,5.333333333333333,9.106666666666667,125.34113366666668,116.0,1.0
DEU,1991-07-01,514471.3,,-0.6229045553693524,73.96229333333333,0.32739566912806845,4.514196234327769,5.6000000000000005,9.243333333333334,124.05423466666666,108.0,1.0
DEU,1991-10-01,521856.4,,5.866717129900789,75.10534333333334,0.7349343412598556,5.50460387141547,5.8999999999999995,9.463333333333333,138.60484966666667,145.66666666666666,1.0
DEU,1992-01-01,529040.8,2.178434596456258,5.621567819779094,76.48373666666667,0.2679587657607267,5.910529362475692,6.1000000000000005,9.613333333333332,114.52624266666665,136.33333333333334,1.0
DEU,1992-04-01,525750.3,2.032834467613065,-2.4647837966184416,74.60105666666666,-0.8936380713580903,6.0945817161776645,6.3999999999999995,9.763333333333334,117.350013,115.33333333333333,1.0
DEU,1992-07-01,524507.2,1.9507210606305891,-0.9424231315194098,72.24770666666667,-2.3121955466315938,4.957503469259472,6.766666666666667,9.72,118.42659133333332,110.0,1.0
DEU,1992-10-01,523044.8,0.2277254815692631,-1.1106008034991066,70.66761,-5.899745035552098,3.3364368958822332,7.1000000000000005,8.973333333333331,120.85428,142.33333333333334,1.0
DEU,1993-01-01,518895.0,-1.9177726935238337,-3.1360024044283175,68.04530666666666,-11.019072913968493,4.665876317655049,7.3999999999999995,8.323333333333332,168.79876666666667,113.66666666666667,1.0
DEU,1993-04-01,518968.2,-1.2899849985820278,0.05643954236076443,67.10396666666666,-10.044134193624794,4.387309415448722,7.6000000000000005,7.676666666666666,108.58533299999999,144.0,1.0
DEU,1993-07-01,522039.4,-0.4704987843827335,2.3882544494315594,67.03672999999999,-7.210950315639304,4.543405687477198,7.8999999999999995,6.826666666666667,101.59990466666666,113.0,1.0
DEU,1993-10-01,521600.7,-0.27609489665129106,-0.3357197270138279,67.64187333333332,-4.262646889661374,4.305132787788057,8.200000000000001,6.353333333333334,129.611478,137.66666666666666,0.0
DEU,1994-01-01,528967.7,1.9411827055569875,5.770352815023161,68.24702333333333,0.3049156548886674,2.9722685720639626,8.466666666666667,5.88,118.504819,118.33333333333333,0.0
DEU,1994-04-01,531892.6,2.4904030728664983,2.230192263620845,69.15474333333333,3.058295703824772,2.772983855468714,8.533333333333333,5.286666666666666,124.40460233333333,108.66666666666667,0.0
DEU,1994-07-01,535036.9,2.4897546047290664,2.3856631866973954,69.42369333333333,3.5924517769945505,2.581759475782889,8.433333333333334,5.013333333333333,131.20376,135.33333333333334,0.0
DEU,1994-10-01,540959.8,3.7114789148097405,4.502103151398096,71.67618333333333,5.967349123828783,2.4505710597360655,8.266666666666667,5.276666666666666,100.565183,88.66666666666667,1.0
DEU,1995-01-01,538821.1,1.862760240370065,-1.5720578708336985,70.80208,3.7444738170205216,2.080451240565595,8.133333333333333,5.11,119.43129666666668,93.0,1.0
DEU,1995-04-01,543135.2,2.113697389284974,3.241290081346193,71.00379666666667,2.676132561293576,1.7286838266991882,8.1,4.6000000000000005,87.60248433333334,111.33333333333333,1.0
DEU,1995-07-01,544232.0,1.718591745728193,0.8102047298167214,70.33141333333333,1.3075685363828822,1.5521623742111412,8.266666666666667,4.403333333333333,92.31705266666665,121.66666666666667,1.0
DEU,1995-10-01,544451.3,0.6454268875432101,0.16127870985249704,69.45731333333333,-3.0957084308623948,1.46872196515709,8.433333333333334,4.013333333333333,169.82582,111.33333333333333,1.0
DEU,1996-01-01,540576.2,0.3257296345670069,-2.816725581894608,69.52455333333334,-1.7989012832545541,1.4551743838485898,8.566666666666666,3.44,136.06634666666667,119.0,1.0
DEU,1996-04-01,547961.3,0.8885632895824225,5.577619387247967,69.92798333333333,-1.5119449997160899,1.4504678086106078,8.766666666666667,3.3366666666666664,102.39583666666665,131.66666666666666,0.0
DEU,1996-07-01,550081.8,1.0748724808537613,1.5569279425964755,70.39865,0.10008466060508574,1.3630694398878207,9.0,3.263333333333333,82.979744,97.0,0.0
DEU,1996-10-01,555127.0,1.9608181668406166,3.7194723930140894,70.76846,1.88658883430118,1.530247818174968,9.299999999999999,3.1799999999999997,111.48819533333334,97.33333333333333,0.0
DEU,1997-01-01,552293.8,2.1676130025702456,-2.025903270978724,71.13827333333334,2.3258686462791576,1.7629748330205919,9.533333333333333,3.1966666666666668,100.49879066666666,91.0,0.0
DEU,1997-04-01,558436.1,1.9115948516801984,4.523337848706621,72.04599666666667,3.0267659843457104,1.5522264839950155,9.7,3.1799999999999997,122.609203,111.33333333333333,0.0
DEU,1997-07-01,560629.7,1.9175148132513975,1.5805274358467347,73.02095,3.743368997699566,2.322734995516037,9.7,3.236666666666667,95.10995466666667,100.33333333333333,0.0
DEU,1997-10-01,564797.7,1.7420698326689132,3.0071266492318616,74.13038666666667,4.751949564356672,2.1181943334474207,9.7,3.686666666666667,77.628103,96.33333333333333,0.0
DEU,1998-01-01,570190.4,3.240412983089791,3.874256012251487,75.74411333333335,6.481581526825276,1.248476535041269,9.666666666666666,3.533333333333333,79.71164466666667,146.33333333333334,1.0
DEU,1998-04-01,567558.1,1.6334903850234506,-1.8338631484179135,75.71049,5.119461299235772,1.3677472682887954,9.5,3.606666666666667,85.38547066666666,163.0,1.0
DEU,1998-07-01,570336.7,1.7314459080566058,1.9727118754051531,75.74410999999999,3.7334840465941856,0.5973716119034597,9.299999999999999,3.5100000000000002,97.06266799999999,156.0,1.0
DEU,1998-10-01,570190.5,0.954819752275915,-0.10249650375740993,74.76915000000001,0.8675086511829874,0.4388344501253065,9.066666666666666,3.526666666666667,89.07358466666666,171.0,1.0
DEU,1999-01-01,576808.0,1.1605947767622915,4.723751589015035,75.07172333333334,-0.884570882699239,0.19892947073086495,8.833333333333334,3.090731884066667,130.49935200000002,210.66666666666666,0.0
DEU,1999-04-01,576076.7,1.500921227271701,-0.5061721879918823,75.77772666666667,0.08971647478311547,0.5159178646628219,8.633333333333333,2.6340295815666668,65.32326766666667,167.0,0.0
DEU,1999-07-01,583974.1,2.3911138806252508,5.597370447238559,76.92078,1.57307821020168,0.6730993856838285,8.466666666666667,2.6993939394,95.42452066666668,160.66666666666666,0.0
DEU,1999-10-01,586752.9,2.904713424723848,1.917000827998394,77.72764333333333,3.9598866162245656,0.953047598932318,8.299999999999999,3.4297979798,124.56781999999998,180.0,0.0
DEU,2000-01-01,595801.6,3.292880819960886,6.312830632312361,80.28350666666667,6.956713571350577,1.5482380190507,8.133333333333333,3.5423161000000003,107.88369233333333,174.66666666666666,0.0
DEU,2000-04-01,600554.6,4.249069611737477,3.2293827911784145,82.44201,8.794170011303537,1.1053362566247744,8.0,4.263016866666667,114.13163433333334,168.0,0.0
DEU,2000-07-01,600993.3,2.914375825914206,0.29251690623233184,83.85953666666667,9.021167565566598,1.3765811043912206,7.900000000000001,4.737600433333333,93.81143166666668,174.33333333333334,0.0
DEU,2000-10-01,598434.0,1.990803965348964,-1.692530272670112,84.18169999999999,8.303465660270449,1.7305483765289138,7.766666666666667,5.024128366666667,52.93220633333333,179.66666666666666,0.0
DEU,2001-01-01,611139.0,2.574246192020979,8.766450761962918,84.56829666666667,5.344746295224456,1.7199675078406325,7.666666666666667,4.745054566666666,114.256974,199.0,0.0
DEU,2001-04-01,609603.5,1.5067572540448548,-1.0012273617321155,83.60180000000001,1.4206851008183345,2.5382776586410083,7.666666666666667,4.590751066666667,75.481336,175.33333333333334,1.0
DEU,2001-07-01,609603.5,1.4326615621172323,0.0,82.76417666666667,-1.3077804075700434,2.0171270413854803,7.833333333333333,4.267836033333333,78.53334199999999,195.0,1.0
DEU,2001-10-01,607702.4,1.5487756377478679,-1.241610563914064,80.96005333333333,-3.825834379211557,1.662999585433315,8.033333333333333,3.4434801,115.16372666666666,200.0,1.0
DEU,2002-01-01,604868.8,-1.0259859050068765,-1.8521188883701356,81.37886666666667,-3.7677278809164902,1.9986307990651264,8.166666666666666,3.362224233333333,126.36666533333333,181.0,1.0
DEU,2002-04-01,607208.7,-0.39284551351822516,1.5563789714472254,82.05541,-1.8480013808195084,1.2950254689425862,8.4,3.446013733333333,86.11346566666667,233.66666666666666,1.0
DEU,2002-07-01,611376.7,0.2908775950269282,2.7740786189119238,82.57088,-0.2309503624474981,1.2167867537866177,8.733333333333333,3.3573506666666666,130.45447766666666,206.33333333333334,1.0
DEU,2002-10-01,609694.9,0.3278743016318586,-1.09580438471506,82.21649333333333,1.5577284138528584,1.179233159655076,9.1,3.108817933333333,115.61583133333333,180.33333333333334,1.0
DEU,2003-01-01,601413.9,-0.5711817174236855,-5.323194354393612,82.63531,1.5447590761940762,1.1302464599454536,9.5,2.6830735333333333,121.12289933333334,244.33333333333334,1.0
DEU,2003-04-01,602291.3,-0.8098368814544177,0.5848364465237621,81.95876333333332,-0.10875892010499728,0.7895190052040683,9.733333333333333,2.3619103,151.185785,178.66666666666666,1.0
DEU,2003-07-01,607775.3,-0.5890639927887187,3.692137208591384,81.76546333333333,-0.9606153680026855,1.0518560315272947,9.8,2.1392634333333334,112.08773066666667,168.33333333333334,1.0
DEU,2003-10-01,608506.6,-0.19490076101998932,0.4821656648518857,83.63402,1.7295260716720569,1.1655876871156323,9.8,2.1496495,120.40028266666667,200.0,1.0
DEU,2004-01-01,607574.3,1.0243195243741399,-0.6114376450089831,84.08505333333333,1.754802908229336,0.9689788361773773,10.066666666666668,2.0629507666666664,131.80780766666666,162.0,1.0
DEU,2004-04-01,611157.3,1.4720451714975713,2.379836938751567,85.18041666666666,3.9332247814497436,1.865196914010207,10.3,2.082429633333333,97.40338933333334,171.33333333333334,1.0
DEU,2004-07-01,609183.0,0.2316152038426056,-1.2859234987954271,85.47035666666666,4.5377459412286365,1.8215435960291737,10.366666666666667,2.1163030333333332,97.51824766666668,158.66666666666666,1.0
DEU,2004-10-01,608963.7,0.07511833068039042,-0.14391840192016225,85.18041333333333,1.8546630627220617,2.006209802653617,10.6,2.1636084666666666,54.51770033333333,167.66666666666666,1.0
DEU,2005-01-01,609932.4,0.3881171405702988,0.6378139583751441,86.27577666666666,2.6078636678445566,1.6233168087993317,10.833333333333334,2.1403230333333334,132.08748666666668,147.0,1.0
DEU,2005-04-01,613588.6,0.3978190230240042,2.4194201552597105,87.1134,2.273507650224501,1.2449396849948835,11.199999999999998,2.12464,150.62627666666666,144.66666666666666,0.0
DEU,2005-07-01,618414.8,1.5154395313066837,3.1835272717437135,88.24098,3.241710437486393,1.6430634818904426,11.166666666666666,2.1303477666666666,156.35795633333333,149.0,0.0
DEU,2005-10-01,620754.8,1.9362566274475856,1.5221595031992718,89.88402,5.524557090964902,1.6766068057452028,10.866666666666667,2.343446566666667,193.8948333333333,145.33333333333334,0.0
DEU,2006-01-01,627683.0,2.910256939949396,4.539668897754701,90.39948666666668,4.78415723275587,1.7072672897061603,10.533333333333333,2.611546833333333,125.69210200000002,202.33333333333334,0.0
DEU,2006-04-01,638432.0,4.048869226057983,7.027928983244447,92.20360666666666,5.851601082427919,1.8445723616245857,10.200000000000001,2.8894865333333333,84.53425333333333,207.33333333333334,0.0
DEU,2006-07-01,643258.1,4.017255085098204,3.0581795504804887,94.07216666666666,6.625486004265388,1.4729752791171096,9.9,3.2213499333333337,67.63978966666666,190.0,0.0
DEU,2006-10-01,652690.9,5.144720588548002,5.995926726798162,95.03866000000001,5.7419173096033544,1.2898371976853322,9.566666666666666,3.5944640999999997,54.13628766666667,184.66666666666666,0.0
DEU,2007-01-01,653550.2,4.121061108871826,0.5276607696759861,96.61726666666668,6.881532369832716,1.7849807321877131,9.066666666666666,3.820324233333333,132.948108,192.0,0.0
DEU,2007-04-01,657864.4,3.0437697358528526,2.6667310300388047,97.68041333333333,5.938158930616673,2.059750605049556,8.6,4.064796233333333,95.15017866666666,183.0,0.0
DEU,2007-07-01,661227.9,2.793559847905547,2.0608399944912925,99.48454666666667,5.753844998880216,2.266082308959868,8.433333333333334,4.500496833333333,78.47423966666666,188.0,0.0
DEU,2007-10-01,666127.0,2.0585701439992388,2.9967375998520396,100.41883333333334,5.671666446536605,3.077239112594588,8.200000000000001,4.724768399999999,91.95782733333333,149.0,0.0
DEU,2008-01-01,670039.3,2.5230043537589175,2.3700596175920463,101.48196666666666,5.039792431373617,2.946062299574074,7.8999999999999995,4.480003033333333,91.49283833333334,169.33333333333334,1.0
DEU,2008-04-01,667626.3,1.4838772245465925,-1.4327496485124769,100.67655666666667,3.082845590846602,2.887971965830246,7.533333333333334,4.860468266666667,68.11867666666666,152.66666666666666,1.0
DEU,2008-07-01,663970.0,0.4146981698745611,-2.1726966453691876,99.45231333333334,-0.028244247167426757,3.080766786656112,7.133333333333333,4.981790766666667,70.85954233333332,132.33333333333334,1.0
DEU,2008-10-01,653659.5,-1.8716400926550025,-6.068235438226843,92.68685333333333,-7.69180152368694,1.6152257958103489,7.033333333333334,4.214668666666667,146.36911,135.66666666666666,1.0
DEU,2009-01-01,623021.3,-7.017200334368445,-17.471249649620745,81.05669999999999,-20.129129371522197,0.818562367530499,7.2,2.0116761,98.66571266666666,128.33333333333334,1.0
DEU,2009-04-01,624556.9,-6.4511239296594525,0.9895563251283379,80.50902,-20.01147035035403,0.2715578435636745,7.466666666666666,1.3106363666666667,172.07755333333333,109.0,1.0
DEU,2009-07-01,628432.6,-5.352259891260147,2.505408603449677,83.44072333333334,-16.086815954284948,-0.23477829079234422,7.533333333333334,0.8691745333333333,140.76174333333333,104.33333333333333,0.0
DEU,2009-10-01,633258.8,-3.120998011961873,3.107465234479223,84.82603,-8.364506855940924,0.40540516553050726,7.266666666666667,0.721912,131.76098666666667,113.66666666666667,0.0
DEU,2010-01-01,637864.9,2.382518864122307,2.9413559452514226,86.50128666666667,6.743045404593599,0.8111612570866455,7.0,0.6621355,111.12988266666666,106.0,0.0
DEU,2010-04-01,651685.4,4.343639466636273,8.952486640017,90.91494666666667,12.964225071378614,1.1131505098621153,6.7,0.6862715666666667,208.67508,124.0,0.0
DEU,2010-07-01,657974.1,4.700822331623145,3.9161933195413834,92.39690333333334,10.764869347535429,1.110834245926536,6.433333333333334,0.8749394,171.60497999999998,114.33333333333333,0.0
DEU,2010-10-01,662288.5,4.584176327277234,2.6487490695663807,95.81185666666666,12.950653833943923,1.3793014815054312,6.2,1.0204693,159.63701,113.66666666666667,0.0
DEU,2011-01-01,674262.0,5.706082902508025,7.430075688318993,96.93943333333334,12.075174526066553,1.8768751522491616,5.866666666666667,1.0931699333333333,242.39144,88.66666666666667,0.0
DEU,2011-04-01,676090.1,3.7448590991911113,1.0889227811308855,97.84149333333333,7.633503733148786,2.001370293170187,5.566666666666666,1.4116307666666668,149.1985,89.66666666666667,0.0
DEU,2011-07-01,679746.2,3.308960033533226,2.1806938219915084,99.19458333333334,7.378812658889082,2.1971092946788895,5.433333333333334,1.5620535,328.60351333333335,107.66666666666667,1.0
DEU,2011-10-01,679673.1,2.624928562099438,-0.04300911667869389,98.26031,2.566523432748887,2.2234679163583313,5.233333333333333,1.4955447,342.2768766666666,105.66666666666667,1.0
DEU,2012-01-01,681117.2,1.0166967736577215,0.8525915984920029,98.22809333333333,1.3301926885012305,2.1387147577741406,5.1,1.0429891666666666,309.68161000000003,89.0,1.0
DEU,2012-04-01,681848.5,0.8517207987515318,0.430163040045195,98.16366,0.3301881913426212,1.8640322636242823,5.1,0.6960273333333333,333.85268666666667,107.33333333333333,1.0
DEU,2012-07-01,683237.7,0.5136475937636664,0.8174550853118134,98.48582333333333,-0.709937955900016,2.0194663414453715,5.033333333333333,0.35857893333333335,367.7303266666667,112.0,1.0
DEU,2012-10-01,681190.4,0.22323967213062623,-1.1932107169942086,96.06959,-2.2246172528550248,2.0123359788184545,5.0,0.19512889999999997,314.47835333333336,99.33333333333333,1.0
DEU,2013-01-01,677424.3,-0.5421827550383229,-2.193209111680272,96.32732,-1.937769272064168,1.546837792654802,5.066666666666666,0.21143636666666668,199.67577400000002,81.66666666666667,1.0
DEU,2013-04-01,685321.8,0.5093946822497974,4.745434497110224,97.68041,-0.48459389331676483,1.5090332866742144,4.966666666666667,0.20679403333333335,234.08032666666668,79.33333333333333,1.0
DEU,2013-07-01,688831.7,0.818748731224872,2.0644061226328114,98.22809,-0.2573790197865744,1.6287932986816633,4.9,0.22351216666666665,351.2811466666667,57.666666666666664,1.0
DEU,2013-10-01,689855.5,1.272052571498361,0.5958406094461743,99.16237333333333,3.2218747466723188,1.3361861284567251,4.8,0.24090236666666667,171.69034333333335,56.0,1.0
DEU,2014-01-01,697058.0,2.898286937743433,4.242096910712623,99.25902,3.0534900623619,1.2061029213436363,4.8,0.2951596,129.18063966666668,72.33333333333333,1.0
DEU,2014-04-01,696911.7,1.691161728694457,-0.08392641520014177,98.77577000000001,1.1265308100820048,1.0756039092768122,4.733333333333333,0.29858333333333337,135.583665,86.0,1.0
DEU,2014-07-01,700787.1,1.7356053735622323,2.242950206105343,98.74356666666665,0.5433719541461582,0.8482577997326324,4.7,0.16456859999999998,237.31152666666662,98.66666666666667,1.0
DEU,2014-10-01,706124.9,2.358377950164936,3.0817326491308528,99.93556333333333,0.7833191982443477,0.5029047094031588,4.633333333333333,0.08147116666666666,206.68564666666668,83.66666666666667,1.0
DEU,2015-01-01,704589.7,1.0804983229516063,-0.8668158791567682,99.29123666666665,0.03229936253217325,-0.05168793665871011,4.5,0.04601616666666667,157.97949733333334,91.33333333333333,1.0
DEU,2015-04-01,708245.7,1.6263179395610727,2.091744534663431,100.51546666666667,1.7618720500636842,0.9689415568179482,4.4,-0.006525833333333334,84.387084,85.0,1.0
DEU,2015-07-01,712048.0,1.6068931634158234,2.164802060391957,100.35437999999999,1.6407542635221706,0.7288836956714562,4.3,-0.0278171,147.74549666666667,87.0,0.0
DEU,2015-10-01,715704.0,1.3565730368664264,2.0696661034630193,99.83893,-0.0907493347272396,0.4092216570930581,4.2,-0.08917603333333333,68.00150833333333,80.66666666666667,0.0
DEU,2016-01-01,721992.8,2.469962305722051,3.561346561025114,100.9021,1.626355140760194,0.30311444044766045,4.066666666666666,-0.18608173333333333,194.20631333333336,162.33333333333334,0.0
DEU,2016-04-01,723601.4,2.1681317655723342,0.8941828399683383,100.51545666666668,0.0005752850944618082,0.13278018246726622,4.0,-0.2580938,169.35059366666667,150.66666666666666,0.0
DEU,2016-07-01,726160.6,1.981973125407266,1.4222244074516333,100.86985666666665,0.5340748230125129,0.4973973256719333,3.8666666666666667,-0.2981258666666667,188.67066333333332,157.66666666666666,0.0
DEU,2016-10-01,729524.2,1.930993818673632,1.8657265141202473,100.96652333333333,1.1309597972339325,1.034625657746176,3.7000000000000006,-0.31248123333333333,119.06676766666668,205.66666666666666,0.0
DEU,2017-01-01,738993.4,2.354677221157875,5.293952084326392,101.44976666666666,0.5445557314268582,1.643196268413331,3.6333333333333333,-0.3278311,166.981843,149.66666666666666,0.0
DEU,2017-04-01,744258.4,2.8547484844556603,2.8804229678965676,103.44713333333334,2.9244954665772256,1.4271318023216721,3.5666666666666664,-0.3299478,214.71818,148.0,0.0
DEU,2017-07-01,750181.4,3.3079183860980743,3.2215053329004206,105.15463333333334,4.24616585794122,1.550703738176577,3.466666666666667,-0.3296322,175.07797333333335,137.0,0.0
DEU,2017-10-01,757786.3,3.874045576555263,4.117043985950097,105.89563333333332,4.902232788991401,1.419968865795081,3.4,-0.3288134,310.3147266666667,110.0,1.0
DEU,2018-01-01,753599.8,1.9765264480034572,-2.1916121817445844,105.31569999999999,3.8140482631415265,1.31930946057038,3.2999999999999994,-0.32828643333333335,152.67089333333334,113.66666666666667,1.0
DEU,2018-04-01,759522.8,2.050954345963718,3.18110238457463,106.08890000000001,2.5532254737741087,1.7335734000066234,3.2000000000000006,-0.32524163333333334,176.32938666666666,131.66666666666666,1.0
DEU,2018-07-01,754550.4,0.5823924720074425,-2.5930930503909377,105.12240000000001,-0.02691679842549144,1.8843208253756554,3.1666666666666665,-0.31952576666666666,200.27372666666668,109.33333333333333,1.0
DEU,2018-10-01,757914.1,0.016864912970837587,1.7951137044912358,103.57603333333333,-2.1582549856006277,1.9859353530894852,3.1,-0.31531800000000004,210.90838,94.66666666666667,1.0
DEU,2019-01-01,762886.4,1.2322986285293602,2.650139674642582,103.38273333333332,-1.8324608395429005,1.3673627002484274,3.0,-0.3085468333333333,261.16983,116.0,1.0
DEU,2019-04-01,763325.1,0.500616966337275,0.23021962830735987,102.28739999999999,-3.5793045324847985,1.705061580601493,2.9,-0.3170712,205.40633133333333,103.0,1.0
DEU,2019-07-01,766250.1,1.5505524879451338,1.541600314499414,101.12756666666667,-3.798253984079491,1.4670729925493415,2.9,-0.3967076,248.96455333333333,102.66666666666667,1.0
DEU,2019-10-01,763690.8,0.7621839994796265,-1.3293342790606344,99.45232666666668,-3.973890986680647,1.2450228180114653,3.0,-0.40295176666666666,261.98187,113.0,1.0
DEU,2020-01-01,748188.8,-1.926577797166129,-7.875620476190259,97.93813666666667,-5.248108716586319,1.6198975026631073,3.3000000000000003,-0.40554093333333335,226.22554000000002,102.0,1.0
DEU,2020-04-01,681793.6,-10.681097739351165,-31.044824242925273,80.15464,-21.610545625651724,0.4121791055580193,3.6666666666666665,-0.3006666666666667,294.99240000000003,86.33333333333333,1.0
DEU,2020-07-01,740949.7,-3.3018462248814107,39.49004853065037,91.65593000000001,-9.360744391742392,-0.9164250364899799,3.8333333333333335,-0.4717361,289.11418333333336,111.33333333333333,0.0
DEU,2020-10-01,748115.7,-2.0394510448469627,3.9250326819811443,97.48711333333334,-1.9635872376231063,-0.5037058155469398,3.7999999999999994,-0.5226948,152.73452,94.66666666666667,0.0
DEU,2021-01-01,743509.0,-0.6254838350961744,-2.440437559921038,97.74484666666666,0.06363071749961897,1.498514713877556,3.9,-0.5424456666666667,140.85937933333335,102.33333333333333,0.0
DEU,2021-04-01,760985.2,11.615186766200214,9.738728090532355,96.64948666666668,21.659913399212996,2.190450761902407,3.6999999999999997,-0.5403847666666667,181.24546,95.33333333333333,0.0
DEU,2021-07-01,761643.3,2.7928481515007153,0.34636898568036756,93.52448333333332,2.064221630952153,3.878335605510697,3.4333333333333336,-0.5458181999999999,323.75971666666663,109.33333333333333,0.0
DEU,2021-10-01,765738.2,2.3555848380137023,2.1679661664744776,96.32732,-1.189528451073955,4.709554926754822,3.4,-0.5663765333333334,294.54909000000004,97.66666666666667,0.0
DEU,2022-01-01,770929.9,3.6880387460003883,2.739703254397585,95.77963999999999,-1.9951609487229405,4.788589185240759,3.233333333333333,-0.5290259,203.01418,117.66666666666667,0.0
DEU,2022-04-01,772099.8,1.4605540291716679,0.6083903149177949,94.97422333333334,-1.7096146360728095,6.657719357118171,3.1,-0.3576164333333333,231.46628333333334,98.66666666666667,0.0
DEU,2022-07-01,774366.6,1.670506390589921,1.1795377570238852,95.52190333333334,2.18976336353075,7.401230636473969,3.1333333333333333,0.48074056666666665,214.19777333333332,100.33333333333333,0.0
DEU,2022-10-01,771661.1,0.773488902604047,-1.3902222480212778,95.32860999999998,-1.0275754339853653,8.580979141119675,3.1,1.7721234000000001,137.93173566666667,102.0,
DEU,2023-01-01,768023.3,-0.3770252003457042,-1.8724056595521676,96.55283666666666,0.8445165725209258,8.24333871528362,3.0,2.631926266666667,168.17510000000001,105.66666666666667,
DEU,2023-04-01,767438.2,-0.603756146549983,-0.304382287913163,94.87757666666666,-0.09498244632733706,6.5487806040516405,3.0,3.3623451,173.91061333333334,94.0,
DEU,2023-07-01,767438.3,-0.8947054276359445,5.212147093924813e-05,92.46134333333333,-3.1938104418439064,5.611005341874272,3.0666666666666664,3.7773871333333333,160.99467666666666,87.33333333333333,
DEU,2023-10-01,765317.7,-0.8220448069754971,-1.1007147584176757,91.23711333333334,-4.290630279542218,3.5549974994989832,3.1666666666666665,3.9580558333333333,193.47061333333332,77.33333333333333,
DEU,2024-01-01,764495.1,-0.45938710453186093,-0.42924641385737594,91.52706333333333,-5.1996113031784015,2.519252262451525,3.233333333333333,3.9238543999999997,161.75004,74.66666666666667,
DEU,2024-04-01,762520.8,-0.6407551774201381,-1.0290008384714278,,,2.2864158176837033,3.4,3.8075050333333333,155.3507966666667,94.0,
DEU,2024-07-01,762667.0,-0.6217177328783352,0.0767150495076363,,,1.9303406931205913,3.4,3.5553771,241.63517333333334,104.66666666666667,
DEU,2024-10-01,764056.4,-0.16480737346070695,0.7306996912605168,,,2.2981456689562454,3.4333333333333336,2.9993235333333335,344.82784999999996,79.0,
DEU,2025-01-01,766908.1,0.31563315448326357,1.5013053646232954,,,2.2581274908517392,3.5666666666666664,2.5572171000000004,284.57784999999996,63.0,
DEU,2025-04-01,765372.5,0.3739832408506061,-0.7985280092828506,,,,3.733333333333333,2.1067523666666665,201.8769133333333,49.333333333333336,
DEU,2025-07-01,765080.1,0.3164028337400149,-0.15272693053158815,,,,3.7999999999999994,2.0115719,160.349478,46.666666666666664,
DEU,2025-10-01,766908.1,0.37323160960367474,0.9591476141048938,,,,3.9333333333333336,2.0415044666666664,258.2407,47.333333333333336,
DEU,2026-01-01,769467.4,0.33371664740535767,1.3415634760514772,,,,4.0,2.0494787999999997,201.21115,38.666666666666664,
